date,failure,Smart 194: Temperature_Celsius (Raw Value),Smart 8: Seek_Time_Performance (Raw Value),Smart 183: Runtime_Bad_Block (Raw Value),Smart 1: Raw_Read_Error_Rate (Raw Value),Smart 12: Power_Cycle_Count (Raw Value),Smart 4: Start_Stop_Count (Raw Value),Smart 188: Command_Timeout (Raw Value),Smart 10: Spin_Retry_Count (Raw Value),Smart 187: Reported_Uncorrect (Raw Value),Smart 190: Airflow_Temperature_Cel (Raw Value),Smart 9: Power_On_Hours (Raw Value),Smart 7: Seek_Error_Rate (Raw Value),Smart 3: Spin_Up_Time (Raw Value),Smart 11: Calibration_Retry_Count (Raw Value),Smart 200: Multi_Zone_Error_Rate (Raw Value),Smart 195: Hardware_ECC_Recovered (Raw Value),Smart 5: Reallocated_Sector_Ct (Raw Value),Smart 197: Current_Pending_Sector (Raw Value),Smart 198: Offline_Uncorrectable (Raw Value),Smart 199: UDMA_CRC_Error_Count (Raw Value),Smart 196: Reallocated_Event_Count (Raw Value),Smart 184: End-to-End_Error (Raw Value)
2013-07-25,0,14,,,0,,,,,,,9,,,,,,0,0,,,,
2013-07-26,0,13,,,0,,,,,,,33,,,,,,0,0,,,,
2013-07-27,0,13,,,0,,,,,,,58,,,,,,0,0,,,,
2013-07-28,0,12,,,0,,,,,,,81,,,,,,0,0,,,,
2013-07-29,0,13,,,0,,,,,,,106,,,,,,0,0,,,,
2013-07-30,0,13,,,0,,,,,,,130,,,,,,0,0,,,,
2013-07-31,0,13,,,0,,,,,,,154,,,,,,0,0,,,,
2013-08-01,0,13,,,0,,,,,,,178,,,,,,0,0,,,,
2013-08-02,0,13,,,0,,,,,,,202,,,,,,0,0,,,,
2013-08-03,0,13,,,0,,,,,,,225,,,,,,0,0,,,,
2013-08-04,0,13,,,0,,,,,,,249,,,,,,0,0,,,,
2013-08-05,0,13,,,0,,,,,,,274,,,,,,0,0,,,,
2013-08-06,0,14,,,0,,,,,,,297,,,,,,0,0,,,,
2013-08-07,0,12,,,0,,,,,,,322,,,,,,0,0,,,,
2013-08-08,0,12,,,0,,,,,,,345,,,,,,0,0,,,,
2013-08-09,0,13,,,0,,,,,,,369,,,,,,0,0,,,,
2013-08-10,0,12,,,0,,,,,,,393,,,,,,0,0,,,,
2013-08-11,0,12,,,0,,,,,,,418,,,,,,0,0,,,,
2013-08-12,0,12,,,0,,,,,,,441,,,,,,0,0,,,,
2013-08-13,0,13,,,0,,,,,,,465,,,,,,0,0,,,,
2013-08-14,0,13,,,0,,,,,,,490,,,,,,0,0,,,,
2013-08-15,0,14,,,0,,,,,,,514,,,,,,0,0,,,,
2013-08-16,0,12,,,0,,,,,,,538,,,,,,0,0,,,,
2013-08-17,0,13,,,0,,,,,,,561,,,,,,0,0,,,,
2013-08-18,0,13,,,0,,,,,,,585,,,,,,0,0,,,,
2013-08-19,0,13,,,0,,,,,,,609,,,,,,0,0,,,,
2013-10-15,0,11,,,0,,,,,,,1977,,,,,,0,0,,,,
2013-10-16,0,12,,,0,,,,,,,2001,,,,,,0,0,,,,
2013-10-17,0,11,,,0,,,,,,,2025,,,,,,0,0,,,,
2013-10-18,0,11,,,0,,,,,,,2049,,,,,,0,0,,,,
2013-10-19,0,11,,,0,,,,,,,2073,,,,,,0,0,,,,
2013-10-20,0,11,,,0,,,,,,,2097,,,,,,0,0,,,,
2013-10-21,0,11,,,0,,,,,,,2121,,,,,,0,0,,,,
2013-10-22,0,11,,,0,,,,,,,2145,,,,,,0,0,,,,
2013-10-23,0,11,,,0,,,,,,,2169,,,,,,0,0,,,,
2013-10-24,0,11,,,0,,,,,,,2193,,,,,,0,0,,,,
2013-10-25,0,12,,,0,,,,,,,2217,,,,,,0,0,,,,
2013-10-26,0,12,,,0,,,,,,,2241,,,,,,0,0,,,,
2013-10-27,0,12,,,0,,,,,,,2265,,,,,,0,0,,,,
2013-10-28,0,12,,,0,,,,,,,2289,,,,,,0,0,,,,
2013-10-29,0,11,,,0,,,,,,,2313,,,,,,0,0,,,,
2013-10-30,0,11,,,0,,,,,,,2337,,,,,,0,0,,,,
2013-10-31,0,12,,,0,,,,,,,2361,,,,,,0,0,,,,
2013-11-01,0,11,,,0,,,,,,,2385,,,,,,0,0,,,,
2013-11-02,0,11,,,0,,,,,,,2409,,,,,,0,0,,,,
2013-11-03,0,11,,,0,,,,,,,2433,,,,,,0,0,,,,
2013-11-04,0,11,,,0,,,,,,,2458,,,,,,0,0,,,,
2013-11-05,0,11,,,0,,,,,,,2482,,,,,,0,0,,,,
2013-11-06,0,11,,,0,,,,,,,2507,,,,,,0,0,,,,
2013-11-07,0,11,,,0,,,,,,,2530,,,,,,0,0,,,,
2013-11-08,0,10,,,0,,,,,,,2554,,,,,,0,0,,,,
2013-11-09,0,10,,,0,,,,,,,2578,,,,,,0,0,,,,
2013-11-10,0,11,,,0,,,,,,,2602,,,,,,0,0,,,,
2013-11-11,0,11,,,0,,,,,,,2626,,,,,,0,0,,,,
2013-11-12,0,11,,,0,,,,,,,2650,,,,,,0,0,,,,
2013-11-13,0,11,,,0,,,,,,,2674,,,,,,0,0,,,,
2013-11-14,0,11,,,0,,,,,,,2698,,,,,,0,0,,,,
2013-11-15,0,11,,,0,,,,,,,2722,,,,,,0,0,,,,
2013-11-16,0,10,,,0,,,,,,,2746,,,,,,0,0,,,,
2013-11-17,0,10,,,0,,,,,,,2770,,,,,,0,0,,,,
2013-11-18,0,11,,,0,,,,,,,2794,,,,,,0,0,,,,
2013-11-19,0,11,,,0,,,,,,,2818,,,,,,0,0,,,,
2013-11-20,0,11,,,0,,,,,,,2842,,,,,,0,0,,,,
2013-11-21,0,10,,,0,,,,,,,2866,,,,,,0,0,,,,
2013-11-22,0,11,,,0,,,,,,,2890,,,,,,0,0,,,,
2013-11-23,0,11,,,0,,,,,,,2914,,,,,,0,0,,,,
2013-11-24,0,10,,,0,,,,,,,2938,,,,,,0,0,,,,
2013-11-25,0,11,,,0,,,,,,,2963,,,,,,0,0,,,,
2013-11-26,0,10,,,0,,,,,,,2986,,,,,,0,0,,,,
2013-11-27,0,10,,,0,,,,,,,3010,,,,,,0,0,,,,
2013-11-28,0,11,,,0,,,,,,,3034,,,,,,0,0,,,,
2013-11-29,0,10,,,0,,,,,,,3058,,,,,,0,0,,,,
2013-11-30,0,10,,,0,,,,,,,3082,,,,,,0,0,,,,
2013-12-01,0,10,,,0,,,,,,,3106,,,,,,0,0,,,,
2013-12-02,0,10,,,0,,,,,,,3130,,,,,,0,0,,,,
2013-12-03,0,10,,,0,,,,,,,3154,,,,,,0,0,,,,
2013-12-04,0,10,,,0,,,,,,,3178,,,,,,0,0,,,,
2013-12-05,0,11,,,0,,,,,,,3202,,,,,,0,0,,,,
2013-12-06,0,11,,,0,,,,,,,3226,,,,,,0,0,,,,
2013-12-07,0,10,,,0,,,,,,,3250,,,,,,0,0,,,,
2013-12-08,0,10,,,0,,,,,,,3274,,,,,,0,0,,,,
2013-12-09,0,10,,,0,,,,,,,3298,,,,,,0,0,,,,
2013-12-10,0,10,,,0,,,,,,,3322,,,,,,0,0,,,,
2013-12-11,0,10,,,0,,,,,,,3346,,,,,,0,0,,,,
2013-12-12,0,11,,,0,,,,,,,3370,,,,,,0,0,,,,
2013-12-13,0,11,,,0,,,,,,,3394,,,,,,0,0,,,,
2013-12-14,0,10,,,0,,,,,,,3418,,,,,,0,0,,,,
2013-12-15,0,10,,,0,,,,,,,3442,,,,,,0,0,,,,
2013-12-16,0,11,,,0,,,,,,,3466,,,,,,0,0,,,,
2013-12-17,0,11,,,0,,,,,,,3490,,,,,,0,0,,,,
2013-12-18,0,11,,,0,,,,,,,3514,,,,,,0,0,,,,
2013-12-19,0,10,,,0,,,,,,,3538,,,,,,0,0,,,,
2013-12-20,0,9,,,0,,,,,,,3562,,,,,,0,0,,,,
2013-12-21,0,10,,,0,,,,,,,3586,,,,,,0,0,,,,
2013-12-22,0,10,,,0,,,,,,,3610,,,,,,0,0,,,,
2013-12-23,0,10,,,0,,,,,,,3634,,,,,,0,0,,,,
2013-12-24,0,10,,,0,,,,,,,3658,,,,,,0,0,,,,
2013-12-25,0,10,,,0,,,,,,,3682,,,,,,0,0,,,,
2013-12-26,0,10,,,0,,,,,,,3706,,,,,,0,0,,,,
2013-12-27,0,10,,,0,,,,,,,3730,,,,,,0,0,,,,
2013-12-28,0,11,,,0,,,,,,,3754,,,,,,0,0,,,,
2013-12-29,0,10,,,0,,,,,,,3778,,,,,,0,0,,,,
2013-12-30,0,10,,,0,,,,,,,3802,,,,,,0,0,,,,
2013-12-31,0,10,,,0,,,,,,,3826,,,,,,0,0,,,,
2014-01-01,0,11,,,0,,,,,,,3850,,,,,,0,0,,,,
2014-01-02,0,10,,,0,,,,,,,3874,,,,,,0,0,,,,
2014-01-03,0,11,,,0,,,,,,,3898,,,,,,0,0,,,,
2014-01-04,0,10,,,0,,,,,,,3922,,,,,,0,0,,,,
2014-01-05,0,10,,,0,,,,,,,3946,,,,,,0,0,,,,
2014-01-06,0,11,,,0,,,,,,,3970,,,,,,0,0,,,,
2014-01-07,0,10,,,0,,,,,,,3994,,,,,,0,0,,,,
2014-01-08,0,10,,,0,,,,,,,4018,,,,,,0,0,,,,
2014-01-09,0,10,,,0,,,,,,,4042,,,,,,0,0,,,,
2014-01-10,0,11,,,0,,,,,,,4066,,,,,,0,0,,,,
2014-01-11,0,10,,,0,,,,,,,4090,,,,,,0,0,,,,
2014-01-12,0,10,,,0,,,,,,,4114,,,,,,0,0,,,,
2014-01-13,0,10,,,0,,,,,,,4138,,,,,,0,0,,,,
2014-01-14,0,11,,,0,,,,,,,4162,,,,,,0,0,,,,
2014-01-15,0,10,,,0,,,,,,,4186,,,,,,0,0,,,,
2014-01-16,0,10,,,0,,,,,,,4210,,,,,,0,0,,,,
2014-01-17,0,11,,,0,,,,,,,4234,,,,,,0,0,,,,
2014-01-18,0,10,,,0,,,,,,,4258,,,,,,0,0,,,,
2014-01-19,0,10,,,0,,,,,,,4282,,,,,,0,0,,,,
2014-01-20,0,10,,,0,,,,,,,4306,,,,,,0,0,,,,
2014-01-21,0,10,,,0,,,,,,,4330,,,,,,0,0,,,,
2014-01-22,0,10,,,0,,,,,,,4354,,,,,,0,0,,,,
2014-01-23,0,11,,,0,,,,,,,4378,,,,,,0,0,,,,
2014-01-24,0,10,,,0,,,,,,,4402,,,,,,0,0,,,,
2014-01-25,0,10,,,0,,,,,,,4426,,,,,,0,0,,,,
2014-01-26,0,10,,,0,,,,,,,4450,,,,,,0,0,,,,
2014-01-27,0,11,,,0,,,,,,,4474,,,,,,0,0,,,,
2014-01-28,0,10,,,0,,,,,,,4498,,,,,,0,0,,,,
2014-01-29,0,9,,,0,,,,,,,4522,,,,,,0,0,,,,
2014-01-30,0,11,,,0,,,,,,,4546,,,,,,0,0,,,,
2014-01-31,0,11,,,0,,,,,,,4570,,,,,,0,0,,,,
2014-02-01,0,10,,,0,,,,,,,4594,,,,,,0,0,,,,
2014-02-02,0,10,,,0,,,,,,,4618,,,,,,0,0,,,,
2014-02-03,0,9,,,0,,,,,,,4642,,,,,,0,0,,,,
2014-02-04,0,9,,,0,,,,,,,4666,,,,,,0,0,,,,
2014-02-05,0,10,,,0,,,,,,,4690,,,,,,0,0,,,,
2014-02-06,0,9,,,0,,,,,,,4714,,,,,,0,0,,,,
2014-02-07,0,9,,,0,,,,,,,4738,,,,,,0,0,,,,
2014-02-08,0,9,,,0,,,,,,,4762,,,,,,0,0,,,,
2014-02-09,0,10,,,0,,,,,,,4786,,,,,,0,0,,,,
2014-02-10,0,10,,,0,,,,,,,4810,,,,,,0,0,,,,
2014-02-11,0,9,,,0,,,,,,,4834,,,,,,0,0,,,,
2014-02-12,0,11,,,0,,,,,,,4858,,,,,,0,0,,,,
2014-02-13,0,11,,,0,,,,,,,4882,,,,,,0,0,,,,
2014-02-14,0,10,0,0,0,3,3,0,0,0,10,4906,0,9570,0,0,1690506012,0,0,0,0,0,0
2014-02-15,0,10,0,0,0,3,3,0,0,0,10,4930,0,9570,0,0,1854163401,0,0,0,0,0,0
2014-02-16,0,10,0,0,0,3,3,0,0,0,10,4954,0,9570,0,0,1033453729,0,0,0,0,0,0
2014-02-17,0,10,0,0,0,3,3,0,0,0,10,4978,0,9570,0,0,1194145258,0,0,0,0,0,0
2014-02-18,0,10,0,0,0,3,3,0,0,0,10,5002,0,9570,0,0,1304710250,0,0,0,0,0,0
2014-02-19,0,10,0,0,0,3,3,0,0,0,10,5026,0,9570,0,0,1404291910,0,0,0,0,0,0
2014-02-20,0,10,0,0,0,3,3,0,0,0,10,5050,0,9570,0,0,1501406031,0,0,0,0,0,0
2014-02-21,0,10,0,0,0,3,3,0,0,0,10,5074,0,9570,0,0,1591868698,0,0,0,0,0,0
2014-02-22,0,10,0,0,0,3,3,0,0,0,10,5098,0,9570,0,0,1675528407,0,0,0,0,0,0
2014-02-23,0,10,0,0,0,3,3,0,0,0,10,5122,0,9570,0,0,1759592895,0,0,0,0,0,0
2014-02-24,0,10,0,0,0,3,3,0,0,0,10,5146,0,9570,0,0,1850182287,0,0,0,0,0,0
2014-02-25,0,10,0,0,0,3,3,0,0,0,10,5170,0,9570,0,0,986402697,0,0,0,0,0,0
2014-02-26,0,10,0,0,0,3,3,0,0,0,10,5194,0,9570,0,0,1080324639,0,0,0,0,0,0
2014-02-27,0,10,0,0,0,3,3,0,0,0,10,5218,0,9570,0,0,1175119661,0,0,0,0,0,0
2014-02-28,0,10,0,0,0,3,3,0,0,0,10,5242,0,9570,0,0,1266735351,0,0,0,0,0,0
2014-03-01,0,10,0,0,0,3,3,0,0,0,10,5266,0,9570,0,0,1350934754,0,0,0,0,0,0
2014-03-02,0,10,0,0,0,3,3,0,0,0,10,5290,0,9570,0,0,1446456843,0,0,0,0,0,0
2014-03-03,0,11,0,0,0,3,3,0,0,0,10,5314,0,9570,0,0,1544321572,0,0,0,0,0,0
2014-03-04,0,10,0,0,0,3,3,0,0,0,10,5338,0,9570,0,0,1633301144,0,0,0,0,0,0
2014-03-05,0,10,0,0,0,3,3,0,0,0,10,5362,0,9570,0,0,1729151750,0,0,0,0,0,0
2014-03-06,0,11,0,0,0,3,3,0,0,0,10,5386,0,9570,0,0,1857301354,0,0,0,0,0,0
2014-03-07,0,10,0,0,0,3,3,0,0,0,10,5410,0,9570,0,0,1011249937,0,0,0,0,0,0
2014-03-08,0,10,0,0,0,3,3,0,0,0,10,5434,0,9570,0,0,1156745238,0,0,0,0,0,0
2014-03-09,0,10,0,0,0,3,3,0,0,0,10,5458,0,9570,0,0,1288814383,0,0,0,0,0,0
2014-03-10,0,11,0,0,0,3,3,0,0,0,10,5482,0,9570,0,0,1421162402,0,0,0,0,0,0
2014-03-11,0,10,0,0,0,3,3,0,0,0,10,5505,0,9570,0,0,1532413588,0,0,0,0,0,0
2014-03-12,0,10,0,0,0,3,3,0,0,0,10,5529,0,9570,0,0,1633306233,0,0,0,0,0,0
2014-03-13,0,11,0,0,0,3,3,0,0,0,10,5553,0,9570,0,0,1728278589,0,0,0,0,0,0
2014-03-14,0,11,0,0,0,3,3,0,0,0,10,5577,0,9570,0,0,1818003820,0,0,0,0,0,0
2014-03-15,0,10,0,0,0,3,3,0,0,0,10,5601,0,9570,0,0,1908912217,0,0,0,0,0,0
2014-03-16,0,11,0,0,0,3,3,0,0,0,10,5625,0,9570,0,0,1033900533,0,0,0,0,0,0
2014-03-17,0,10,0,0,0,3,3,0,0,0,10,5649,0,9570,0,0,1123495994,0,0,0,0,0,0
2014-03-18,0,10,0,0,0,3,3,0,0,0,10,5673,0,9570,0,0,1213500521,0,0,0,0,0,0
2014-03-19,0,10,0,0,0,3,3,0,0,0,10,5697,0,9570,0,0,1316107106,0,0,0,0,0,0
2014-03-20,0,10,0,0,0,3,3,0,0,0,10,5721,0,9570,0,0,1402614602,0,0,0,0,0,0
2014-03-21,0,10,0,0,0,3,3,0,0,0,10,5745,0,9570,0,0,1495480624,0,0,0,0,0,0
2014-03-22,0,10,0,0,0,3,3,0,0,0,10,5769,0,9570,0,0,1585629686,0,0,0,0,0,0
2014-03-23,0,11,0,0,0,3,3,0,0,0,10,5793,0,9570,0,0,1681689723,0,0,0,0,0,0
2014-03-24,0,10,0,0,0,3,3,0,0,0,10,5817,0,9570,0,0,1772504365,0,0,0,0,0,0
2014-03-25,0,10,0,0,0,3,3,0,0,0,10,5841,0,9570,0,0,1862852302,0,0,0,0,0,0
2014-03-26,0,11,0,0,0,3,3,0,0,0,10,5865,0,9570,0,0,998231130,0,0,0,0,0,0
2014-03-27,0,10,0,0,0,3,3,0,0,0,10,5889,0,9570,0,0,1087507242,0,0,0,0,0,0
2014-03-28,0,11,0,0,0,3,3,0,0,0,10,5913,0,9570,0,0,1180212347,0,0,0,0,0,0
2014-03-29,0,10,0,0,0,3,3,0,0,0,10,5937,0,9570,0,0,1274589999,0,0,0,0,0,0
2014-03-30,0,10,0,0,0,3,3,0,0,0,10,5961,0,9570,0,0,1370418890,0,0,0,0,0,0
2014-03-31,0,11,0,0,0,3,3,0,0,0,10,5985,0,9570,0,0,1463770618,0,0,0,0,0,0
2014-04-01,0,10,0,0,0,3,3,0,0,0,10,6009,0,9570,0,0,1561246062,0,0,0,0,0,0
2014-04-02,0,10,0,0,0,3,3,0,0,0,10,6033,0,9570,0,0,1657651867,0,0,0,0,0,0
2014-04-03,0,11,0,0,0,3,3,0,0,0,10,6057,0,9570,0,0,1755949532,0,0,0,0,0,0
2014-04-04,0,10,0,0,0,3,3,0,0,0,10,6081,0,9570,0,0,1852353506,0,0,0,0,0,0
2014-04-05,0,11,0,0,0,3,3,0,0,0,10,6105,0,9570,0,0,1004457890,0,0,0,0,0,0
2014-04-06,0,10,0,0,0,3,3,0,0,0,10,6129,0,9570,0,0,1100560375,0,0,0,0,0,0
2014-04-07,0,10,0,0,0,3,3,0,0,0,10,6153,0,9570,0,0,1194645800,0,0,0,0,0,0
2014-04-08,0,10,0,0,0,3,3,0,0,0,10,6176,0,9570,0,0,1281771830,0,0,0,0,0,0
2014-04-09,0,10,0,0,0,3,3,0,0,0,10,6201,0,9570,0,0,1382455148,0,0,0,0,0,0
2014-04-10,0,10,0,0,0,3,3,0,0,0,10,6225,0,9570,0,0,1532249357,0,0,0,0,0,0
2014-04-11,0,9,0,0,0,3,3,0,0,0,9,6249,0,9570,0,0,1666069534,0,0,0,0,0,0
2014-04-12,0,9,0,0,0,3,3,0,0,0,9,6273,0,9570,0,0,1769742708,0,0,0,0,0,0
2014-04-13,0,10,0,0,0,3,3,0,0,0,9,6297,0,9570,0,0,1922507015,0,0,0,0,0,0
2014-04-14,0,9,0,0,0,3,3,0,0,0,9,6321,0,9570,0,0,1089893276,0,0,0,0,0,0
2014-04-15,0,9,0,0,0,3,3,0,0,0,9,6345,0,9570,0,0,1185189126,0,0,0,0,0,0
2014-04-16,0,10,0,0,0,3,3,0,0,0,9,6369,0,9570,0,0,1278884786,0,0,0,0,0,0
2014-04-17,0,9,0,0,0,3,3,0,0,0,9,6393,0,9570,0,0,1369020305,0,0,0,0,0,0
2014-04-18,0,9,0,0,0,3,3,0,0,0,9,6417,0,9570,0,0,1461731290,0,0,0,0,0,0
2014-04-19,0,9,0,0,0,3,3,0,0,0,9,6441,0,9570,0,0,1552984739,0,0,0,0,0,0
2014-04-20,0,9,0,0,0,3,3,0,0,0,9,6465,0,9570,0,0,1637499416,0,0,0,0,0,0
2014-04-21,0,9,0,0,0,3,3,0,0,0,9,6488,0,9570,0,0,1724549209,0,0,0,0,0,0
2014-04-22,0,10,0,0,0,3,3,0,0,0,9,6513,0,9570,0,0,1818628597,0,0,0,0,0,0
2014-04-23,0,9,0,0,0,3,3,0,0,0,9,6537,0,9570,0,0,1902617409,0,0,0,0,0,0
2014-04-24,0,9,0,0,0,3,3,0,0,0,9,6561,0,9570,0,0,1030274817,0,0,0,0,0,0
2014-04-25,0,9,0,0,0,3,3,0,0,0,9,6585,0,9570,0,0,1117752629,0,0,0,0,0,0
2014-04-26,0,9,0,0,0,5,5,0,0,0,9,6609,0,9670,0,0,1536613,0,0,0,0,0,0
2014-04-27,0,9,0,0,0,5,5,0,0,0,9,6633,0,9670,0,0,9491482,0,0,0,0,0,0
2014-04-28,0,9,0,0,0,5,5,0,0,0,9,6657,0,9670,0,0,15722119,0,0,0,0,0,0
2014-04-29,0,9,0,0,0,5,5,0,0,0,9,6681,0,9670,0,0,24336970,0,0,0,0,0,0
2014-04-30,0,9,0,0,0,5,5,0,0,0,9,6705,0,9670,0,0,53202487,0,0,0,0,0,0
2014-05-01,0,9,0,0,0,5,5,0,0,0,9,6729,0,9670,0,0,148983522,0,0,0,0,0,0
2014-05-02,0,9,0,0,0,5,5,0,0,0,9,6753,0,9670,0,0,243525856,0,0,0,0,0,0
2014-05-03,0,10,0,0,0,5,5,0,0,0,9,6777,0,9670,0,0,334586556,0,0,0,0,0,0
2014-05-04,0,9,0,0,0,5,5,0,0,0,9,6801,0,9670,0,0,435219208,0,0,0,0,0,0
2014-05-05,0,9,0,0,0,5,5,0,0,0,9,6824,0,9670,0,0,530057071,0,0,0,0,0,0
2014-05-06,0,9,0,0,0,5,5,0,0,0,9,6849,0,9670,0,0,627983798,0,0,0,0,0,0
2014-05-07,0,9,0,0,0,5,5,0,0,0,9,6873,0,9670,0,0,729374216,0,0,0,0,0,0
2014-05-08,0,9,0,0,0,5,5,0,0,0,9,6896,0,9670,0,0,832814370,0,0,0,0,0,0
2014-05-09,0,10,0,0,0,5,5,0,0,0,9,6921,0,9670,0,0,930238217,0,0,0,0,0,0
2014-05-10,0,10,0,0,0,5,5,0,0,0,9,6945,0,9670,0,0,538443081,0,0,0,0,0,0
2014-05-11,0,10,0,0,0,5,5,0,0,0,9,6969,0,9670,0,0,633269715,0,0,0,0,0,0
2014-05-12,0,10,0,0,0,5,5,0,0,0,9,6993,0,9670,0,0,732825695,0,0,0,0,0,0
2014-05-13,0,9,0,0,0,5,5,0,0,0,9,7017,0,9670,0,0,842349744,0,0,0,0,0,0
2014-05-14,0,10,0,0,0,5,5,0,0,0,9,7041,0,9670,0,0,978383557,0,0,0,0,0,0
2014-05-15,0,10,0,0,0,5,5,0,0,0,9,7064,0,9670,0,0,1079931448,0,0,0,0,0,0
2014-05-16,0,9,0,0,0,5,5,0,0,0,9,7089,0,9670,0,0,1179324181,0,0,0,0,0,0
2014-05-17,0,10,0,0,0,5,5,0,0,0,9,7113,0,9670,0,0,1277593929,0,0,0,0,0,0
2014-05-18,0,10,0,0,0,5,5,0,0,0,9,7136,0,9670,0,0,1372234007,0,0,0,0,0,0
2014-05-19,0,9,0,0,0,5,5,0,0,0,9,7161,0,9670,0,0,1468278687,0,0,0,0,0,0
2014-05-20,0,16,0,0,0,7,7,0,0,0,15,7180,0,9580,0,0,64356697,0,0,0,0,0,0
2014-05-21,0,15,0,0,0,7,7,0,0,0,15,7204,0,9580,0,0,152911700,0,0,0,0,0,0
2014-05-22,0,15,0,0,0,7,7,0,0,0,15,7228,0,9580,0,0,240877309,0,0,0,0,0,0
2014-05-23,0,15,0,0,0,10,10,0,0,0,15,7252,0,9620,0,0,905165,0,0,0,0,0,0
2014-05-24,0,16,0,0,0,10,10,0,0,0,15,7276,0,9620,0,0,62537000,0,0,0,0,0,0
2014-05-25,0,16,0,0,0,10,10,0,0,0,16,7300,0,9620,0,0,168886550,0,0,0,0,0,0
2014-05-26,0,15,0,0,0,10,10,0,0,0,16,7324,0,9620,0,0,267132106,0,0,0,0,0,0
2014-05-27,0,15,0,0,0,10,10,0,0,0,15,7348,0,9620,0,0,368664115,0,0,0,0,0,0
2014-05-28,0,15,0,0,0,10,10,0,0,0,15,7372,0,9620,0,0,467077662,0,0,0,0,0,0
2014-05-29,0,15,0,0,0,10,10,0,0,0,15,7396,0,9620,0,0,564891586,0,0,0,0,0,0
2014-05-30,0,15,0,0,0,10,10,0,0,0,15,7420,0,9620,0,0,665609107,0,0,0,0,0,0
2014-05-31,0,14,0,0,0,10,10,0,0,0,15,7444,0,9620,0,0,731502044,0,0,0,0,0,0
2014-06-01,0,15,0,0,0,10,10,0,0,0,15,7468,0,9620,0,0,737727122,0,0,0,0,0,0
2014-06-02,0,15,0,0,0,10,10,0,0,0,15,7492,0,9620,0,0,744194039,0,0,0,0,0,0
2014-06-03,0,15,0,0,0,10,10,0,0,0,15,7516,0,9620,0,0,750282291,0,0,0,0,0,0
2014-06-04,0,15,0,0,0,10,10,0,0,0,15,7540,0,9620,0,0,756177071,0,0,0,0,0,0
2014-06-05,0,15,0,0,0,11,11,0,0,0,15,7564,0,9600,0,0,1457048,0,0,0,0,0,0
2014-06-06,0,16,0,0,0,11,11,0,0,0,15,7588,0,9600,0,0,105729681,0,0,0,0,0,0
2014-06-07,0,15,0,0,0,11,11,0,0,0,15,7612,0,9600,0,0,242274720,0,0,0,0,0,0
2014-06-08,0,16,0,0,0,11,11,0,0,0,15,7636,0,9600,0,0,333748439,0,0,0,0,0,0
2014-06-09,0,15,0,0,0,11,11,0,0,0,15,7659,0,9600,0,0,415369647,0,0,0,0,0,0
2014-06-10,0,16,0,0,0,11,11,0,0,0,15,7684,0,9600,0,0,504103014,0,0,0,0,0,0
2014-06-11,0,15,0,0,0,11,11,0,0,0,15,7708,0,9600,0,0,583030274,0,0,0,0,0,0
2014-06-12,0,14,0,0,0,11,11,0,0,0,14,7732,0,9600,0,0,673071138,0,0,0,0,0,0
2014-06-13,0,15,0,0,0,11,11,0,0,0,15,7756,0,9600,0,0,761452893,0,0,0,0,0,0
2014-06-14,0,15,0,0,0,11,11,0,0,0,14,7780,0,9600,0,0,846675018,0,0,0,0,0,0
2014-06-15,0,14,0,0,0,11,11,0,0,0,15,7804,0,9600,0,0,933296393,0,0,0,0,0,0
2014-06-16,0,14,0,0,0,11,11,0,0,0,15,7828,0,9600,0,0,546840099,0,0,0,0,0,0
2014-06-17,0,14,0,0,0,11,11,0,0,0,14,7852,0,9600,0,0,643505604,0,0,0,0,0,0
2014-06-18,0,14,0,0,0,11,11,0,0,0,14,7876,0,9600,0,0,746489859,0,0,0,0,0,0
2014-06-19,0,15,0,0,0,11,11,0,0,0,14,7899,0,9600,0,0,918553184,0,0,0,0,0,0
2014-06-20,0,18,0,0,0,11,11,0,0,0,17,7924,0,9600,0,0,1052093486,0,0,0,0,0,0
2014-06-21,0,18,0,0,0,11,11,0,0,0,17,7948,0,9600,0,0,1174624506,0,0,0,0,0,0
2014-06-22,0,18,0,0,0,11,11,0,0,0,17,7971,0,9600,0,0,1278672153,0,0,0,0,0,0
2014-06-23,0,17,0,0,0,11,11,0,0,0,17,7996,0,9600,0,0,1436599504,0,0,0,0,0,0
2014-06-24,0,15,0,0,0,11,11,0,0,0,15,8020,0,9600,0,0,884558858,0,0,0,0,0,0
2014-06-25,0,15,0,0,0,11,11,0,0,0,15,8044,0,9600,0,0,1040093400,0,0,0,0,0,0
2014-06-26,0,14,0,0,0,11,11,0,0,0,14,8068,0,9600,0,0,1136060071,0,0,0,0,0,0
2014-06-27,0,14,0,0,0,11,11,0,0,0,14,8092,0,9600,0,0,1223209448,0,0,0,0,0,0
2014-06-28,0,14,0,0,0,11,11,0,0,0,14,8116,0,9600,0,0,1311020629,0,0,0,0,0,0
2014-06-29,0,14,0,0,0,11,11,0,0,0,14,8140,0,9600,0,0,1397719133,0,0,0,0,0,0
2014-06-30,0,14,0,0,0,11,11,0,0,0,14,8164,0,9600,0,0,1488982615,0,0,0,0,0,0
2014-07-01,0,14,0,0,0,11,11,0,0,0,14,8188,0,9600,0,0,1577570298,0,0,0,0,0,0
2014-07-02,0,15,0,0,0,11,11,0,0,0,14,8211,0,9600,0,0,1662415495,0,0,0,0,0,0
2014-07-03,0,15,0,0,0,11,11,0,0,0,14,8236,0,9600,0,0,903029523,0,0,0,0,0,0
2014-07-04,0,14,0,0,0,11,11,0,0,0,14,8260,0,9600,0,0,995990312,0,0,0,0,0,0
2014-07-05,0,14,0,0,0,11,11,0,0,0,14,8283,0,9600,0,0,1082114569,0,0,0,0,0,0
2014-07-06,0,14,0,0,0,11,11,0,0,0,14,8308,0,9600,0,0,1169065041,0,0,0,0,0,0
2014-07-07,0,14,0,0,0,11,11,0,0,0,14,8332,0,9600,0,0,1254297614,0,0,0,0,0,0
2014-07-08,0,14,0,0,0,11,11,0,0,0,14,8356,0,9600,0,0,1339383689,0,0,0,0,0,0
2014-07-09,0,15,0,0,0,11,11,0,0,0,15,8380,0,9600,0,0,1424516808,0,0,0,0,0,0
2014-07-10,0,14,0,0,0,11,11,0,0,0,14,8404,0,9600,0,0,1512395823,0,0,0,0,0,0
2014-07-11,0,14,0,0,0,11,11,0,0,0,14,8428,0,9600,0,0,1598036439,0,0,0,0,0,0
2014-07-12,0,15,0,0,0,11,11,0,0,0,14,8451,0,9600,0,0,1679663484,0,0,0,0,0,0
2014-07-13,0,14,0,0,0,11,11,0,0,0,14,8476,0,9600,0,0,1763270746,0,0,0,0,0,0
2014-07-14,0,15,0,0,0,11,11,0,0,0,14,8500,0,9600,0,0,962470861,0,0,0,0,0,0
2014-07-15,0,14,0,0,0,11,11,0,0,0,14,8523,0,9600,0,0,1046126889,0,0,0,0,0,0
2014-07-16,0,14,0,0,0,11,11,0,0,0,14,8548,0,9600,0,0,1140198236,0,0,0,0,0,0
2014-07-17,0,14,0,0,0,11,11,0,0,0,14,8572,0,9600,0,0,1229134130,0,0,0,0,0,0
2014-07-18,0,14,0,0,0,11,11,0,0,0,14,8595,0,9600,0,0,1317636709,0,0,0,0,0,0
2014-07-19,0,14,0,0,0,11,11,0,0,0,14,8620,0,9600,0,0,1415246398,0,0,0,0,0,0
2014-07-20,0,15,0,0,0,11,11,0,0,0,15,8644,0,9600,0,0,1501375284,0,0,0,0,0,0
2014-07-21,0,14,0,0,0,11,11,0,0,0,15,8668,0,9600,0,0,1588946999,0,0,0,0,0,0
2014-07-22,0,16,0,0,0,11,11,0,0,0,15,8692,0,9600,0,0,1685417371,0,0,0,0,0,0
2014-07-23,0,18,0,0,0,11,11,0,0,0,18,8716,0,9600,0,0,1743454643,0,0,0,0,0,0
2014-07-24,0,19,0,0,0,11,11,0,0,0,18,8740,0,9600,0,0,929981221,0,0,0,0,0,0
2014-07-25,0,18,0,0,0,11,11,0,0,0,18,8764,0,9600,0,0,1032678072,0,0,0,0,0,0
2014-07-26,0,18,0,0,0,11,11,0,0,0,18,8788,0,9600,0,0,1132552220,0,0,0,0,0,0
2014-07-27,0,18,0,0,0,11,11,0,0,0,18,8812,0,9600,0,0,1235614559,0,0,0,0,0,0
2014-07-28,0,18,0,0,0,11,11,0,0,0,18,8835,0,9600,0,0,1329382269,0,0,0,0,0,0
2014-07-29,0,18,0,0,0,11,11,0,0,0,18,8860,0,9600,0,0,1422532793,0,0,0,0,0,0
2014-07-30,0,18,0,0,0,11,11,0,0,0,18,8884,0,9600,0,0,1518247645,0,0,0,0,0,0
2014-07-31,0,17,0,0,0,11,11,0,0,0,17,8908,0,9600,0,0,1618134143,0,0,0,0,0,0
2014-08-01,0,18,0,0,0,11,11,0,0,0,18,8932,0,9600,0,0,1751029992,0,0,0,0,0,0
2014-08-02,0,18,0,0,0,11,11,0,0,0,18,8956,0,9600,0,0,1021440745,0,0,0,0,0,0
2014-08-03,0,18,0,0,0,11,11,0,0,0,18,8980,0,9600,0,0,1174881455,0,0,0,0,0,0
2014-08-04,0,18,0,0,0,11,11,0,0,0,18,9003,0,9600,0,0,1294165591,0,0,0,0,0,0
2014-08-05,0,19,0,0,0,11,11,0,0,0,18,9028,0,9600,0,0,1386595527,0,0,0,0,0,0
2014-08-06,0,18,0,0,0,11,11,0,0,0,17,9052,0,9600,0,0,1474887975,0,0,0,0,0,0
2014-08-07,0,18,0,0,0,11,11,0,0,0,17,9075,0,9600,0,0,1561616109,0,0,0,0,0,0
2014-08-08,0,18,0,0,0,11,11,0,0,0,17,9100,0,9600,0,0,1651417338,0,0,0,0,0,0
2014-08-09,0,18,0,0,0,11,11,0,0,0,17,9124,0,9600,0,0,1735380673,0,0,0,0,0,0
2014-08-10,0,20,0,0,0,11,11,0,0,0,18,9147,0,9600,0,0,1821458762,0,0,0,0,0,0
2014-08-11,0,20,0,0,0,11,11,0,0,0,20,9172,0,9600,0,0,1907155473,0,0,0,0,0,0
2014-08-12,0,20,0,0,0,11,11,0,0,0,20,9196,0,9600,0,0,1036474730,0,0,0,0,0,0
2014-08-13,0,16,0,0,0,11,11,0,0,0,15,9220,0,9600,0,0,1127919686,0,0,0,0,0,0
2014-08-14,0,16,0,0,0,11,11,0,0,0,15,9243,0,9600,0,0,1222058601,0,0,0,0,0,0
2014-08-15,0,15,0,0,0,11,11,0,0,0,15,9268,0,9600,0,0,1314885629,0,0,0,0,0,0
2014-08-16,0,16,0,0,0,11,11,0,0,0,16,9292,0,9600,0,0,1414157942,0,0,0,0,0,0
2014-08-17,0,16,0,0,0,11,11,0,0,0,16,9315,0,9600,0,0,1511646214,0,0,0,0,0,0
2014-08-18,0,16,0,0,0,11,11,0,0,0,16,9340,0,9600,0,0,1609317576,0,0,0,0,0,0
2014-08-19,0,17,0,0,0,11,11,0,0,0,16,9364,0,9600,0,0,1703304538,0,0,0,0,0,0
2014-08-20,0,15,0,0,0,11,11,0,0,0,15,9387,0,9600,0,0,1800701486,0,0,0,0,0,0
2014-08-21,0,15,0,0,0,11,11,0,0,0,15,9412,0,9600,0,0,1906445626,0,0,0,0,0,0
2014-08-22,0,16,0,0,0,11,11,0,0,0,16,9436,0,9600,0,0,1049132090,0,0,0,0,0,0
2014-08-23,0,16,0,0,0,11,11,0,0,0,16,9459,0,9600,0,0,1148609378,0,0,0,0,0,0
2014-08-24,0,16,0,0,0,11,11,0,0,0,16,9484,0,9600,0,0,1249237020,0,0,0,0,0,0
2014-08-25,0,15,0,0,0,11,11,0,0,0,16,9508,0,9600,0,0,1341330385,0,0,0,0,0,0
2014-08-26,0,17,0,0,0,11,11,0,0,0,17,9532,0,9600,0,0,1432616606,0,0,0,0,0,0
2014-08-27,0,16,0,0,0,11,11,0,0,0,16,9555,0,9600,0,0,1547432407,0,0,0,0,0,0
2014-08-28,0,17,0,0,0,11,11,0,0,0,17,9580,0,9600,0,0,1740375932,0,0,0,0,0,0
2014-08-29,0,18,0,0,0,11,11,0,0,0,17,9604,0,9600,0,0,1883857861,0,0,0,0,0,0
2014-08-30,0,17,0,0,0,11,11,0,0,0,17,9627,0,9600,0,0,1030219474,0,0,0,0,0,0
2014-08-31,0,17,0,0,0,11,11,0,0,0,17,9652,0,9600,0,0,1121326289,0,0,0,0,0,0
2014-09-01,0,17,0,0,0,11,11,0,0,0,17,9676,0,9600,0,0,1201202303,0,0,0,0,0,0
2014-09-02,0,18,0,0,0,11,11,0,0,0,18,9700,0,9600,0,0,1281842199,0,0,0,0,0,0
2014-09-03,0,17,0,0,0,11,11,0,0,0,17,9724,0,9600,0,0,1362068842,0,0,0,0,0,0
2014-09-04,0,17,0,0,0,11,11,0,0,0,17,9748,0,9600,0,0,1436630522,0,0,0,0,0,0
2014-09-05,0,17,0,0,0,11,11,0,0,0,17,9772,0,9600,0,0,1513897337,0,0,0,0,0,0
2014-09-06,0,17,0,0,0,11,11,0,0,0,17,9795,0,9600,0,0,1595204565,0,0,0,0,0,0
2014-09-07,0,17,0,0,0,11,11,0,0,0,17,9820,0,9600,0,0,1677408242,0,0,0,0,0,0
2014-09-08,0,17,0,0,0,11,11,0,0,0,17,9844,0,9600,0,0,1752262643,0,0,0,0,0,0
2014-09-09,0,18,0,0,0,11,11,0,0,0,17,9867,0,9600,0,0,1830498196,0,0,0,0,0,0
2014-09-10,0,17,0,0,0,11,11,0,0,0,17,9892,0,9600,0,0,965958000,0,0,0,0,0,0
2014-09-11,0,14,0,0,0,11,11,0,0,0,14,9916,0,9600,0,0,1047095849,0,0,0,0,0,0
2014-09-12,0,15,0,0,0,11,11,0,0,0,14,9939,0,9600,0,0,1125088404,0,0,0,0,0,0
2014-09-13,0,15,0,0,0,11,11,0,0,0,15,9964,0,9600,0,0,1211221050,0,0,0,0,0,0
2014-09-14,0,15,0,0,0,11,11,0,0,0,15,9988,0,9600,0,0,1293039376,0,0,0,0,0,0
2014-09-15,0,15,0,0,0,11,11,0,0,0,15,10012,0,9600,0,0,1375050391,0,0,0,0,0,0
2014-09-16,0,15,0,0,0,11,11,0,0,0,15,10036,0,9600,0,0,1461357648,0,0,0,0,0,0
2014-09-17,0,16,0,0,0,11,11,0,0,0,15,10060,0,9600,0,0,1539174509,0,0,0,0,0,0
2014-09-18,0,15,0,0,0,11,11,0,0,0,15,10084,0,9600,0,0,1617990723,0,0,0,0,0,0
2014-09-19,0,15,0,0,0,11,11,0,0,0,15,10107,0,9600,0,0,1692436682,0,0,0,0,0,0
2014-09-20,0,15,0,0,0,11,11,0,0,0,15,10132,0,9600,0,0,1778368670,0,0,0,0,0,0
2014-09-21,0,16,0,0,0,11,11,0,0,0,15,10156,0,9600,0,0,933761435,0,0,0,0,0,0
2014-09-22,0,15,0,0,0,11,11,0,0,0,15,10179,0,9600,0,0,1019964211,0,0,0,0,0,0
2014-09-23,0,15,0,0,0,11,11,0,0,0,15,10204,0,9600,0,0,1102856607,0,0,0,0,0,0
2014-09-24,0,17,0,0,0,11,11,0,0,0,17,10228,0,9600,0,0,1192448882,0,0,0,0,0,0
2014-09-25,0,17,0,0,0,11,11,0,0,0,17,10251,0,9600,0,0,1278941796,0,0,0,0,0,0
2014-09-26,0,17,0,0,0,11,11,0,0,0,17,10275,0,9600,0,0,1373110407,0,0,0,0,0,0
2014-09-27,0,17,0,0,0,11,11,0,0,0,17,10300,0,9600,0,0,1463794376,0,0,0,0,0,0
2014-09-28,0,17,0,0,0,11,11,0,0,0,17,10324,0,9600,0,0,1547353425,0,0,0,0,0,0
2014-09-29,0,17,0,0,0,11,11,0,0,0,17,10347,0,9600,0,0,1633958519,0,0,0,0,0,0
2014-09-30,0,18,0,0,0,11,11,0,0,0,17,10372,0,9600,0,0,1721886197,0,0,0,0,0,0
2014-10-01,0,18,0,0,0,11,11,0,0,0,17,10396,0,9600,0,0,1806838761,0,0,0,0,0,0
2014-10-02,0,18,0,0,0,11,11,0,0,0,17,10419,0,9600,0,0,967568773,0,0,0,0,0,0
2014-10-03,0,17,0,0,0,11,11,0,0,0,17,10444,0,9600,0,0,1057037296,0,0,0,0,0,0
2014-10-04,0,17,0,0,0,11,11,0,0,0,17,10468,0,9600,0,0,1140494880,0,0,0,0,0,0
2014-10-05,0,17,0,0,0,11,11,0,0,0,17,10491,0,9600,0,0,1224442256,0,0,0,0,0,0
2014-10-06,0,17,0,0,0,11,11,0,0,0,17,10516,0,9600,0,0,1309578821,0,0,0,0,0,0
2014-10-07,0,18,0,0,0,11,11,0,0,0,18,10540,0,9600,0,0,1393214330,0,0,0,0,0,0
2014-10-08,0,17,0,0,0,11,11,0,0,0,18,10563,0,9600,0,0,1482173242,0,0,0,0,0,0
2014-10-09,0,18,0,0,0,11,11,0,0,0,17,10588,0,9600,0,0,1575577823,0,0,0,0,0,0
2014-10-10,0,17,0,0,0,11,11,0,0,0,17,10612,0,9600,0,0,1661411186,0,0,0,0,0,0
2014-10-11,0,17,0,0,0,11,11,0,0,0,17,10636,0,9600,0,0,1747258605,0,0,0,0,0,0
2014-10-12,0,17,0,0,0,11,11,0,0,0,17,10659,0,9600,0,0,1831064882,0,0,0,0,0,0
2014-10-13,0,17,0,0,0,11,11,0,0,0,18,10684,0,9600,0,0,994071106,0,0,0,0,0,0
2014-10-14,0,17,0,0,0,11,11,0,0,0,17,10708,0,9600,0,0,1076046715,0,0,0,0,0,0
2014-10-15,0,17,0,0,0,11,11,0,0,0,16,10731,0,9600,0,0,1161750439,0,0,0,0,0,0
2014-10-16,0,17,0,0,0,11,11,0,0,0,16,10756,0,9600,0,0,1249253717,0,0,0,0,0,0
2014-10-17,0,16,0,0,0,11,11,0,0,0,16,10780,0,9600,0,0,1334611882,0,0,0,0,0,0
2014-10-18,0,17,0,0,0,11,11,0,0,0,16,10803,0,9600,0,0,1421669818,0,0,0,0,0,0
2014-10-19,0,17,0,0,0,11,11,0,0,0,17,10827,0,9600,0,0,1508742598,0,0,0,0,0,0
2014-10-20,0,16,0,0,0,11,11,0,0,0,17,10852,0,9600,0,0,1599189066,0,0,0,0,0,0
2014-10-21,0,17,0,0,0,11,11,0,0,0,17,10876,0,9600,0,0,1688493440,0,0,0,0,0,0
2014-10-22,0,17,0,0,0,11,11,0,0,0,16,10899,0,9600,0,0,1776807502,0,0,0,0,0,0
2014-10-23,0,17,0,0,0,11,11,0,0,0,16,10924,0,9600,0,0,950705872,0,0,0,0,0,0
2014-10-24,0,16,0,0,0,11,11,0,0,0,16,10948,0,9600,0,0,1036314777,0,0,0,0,0,0
2014-10-25,0,17,0,0,0,11,11,0,0,0,16,10971,0,9600,0,0,1168108854,0,0,0,0,0,0
2014-10-26,0,16,0,0,0,11,11,0,0,0,16,10996,0,9600,0,0,1302591525,0,0,0,0,0,0
2014-10-27,0,16,0,0,0,11,11,0,0,0,16,11020,0,9600,0,0,1397651500,0,0,0,0,0,0
2014-10-28,0,17,0,0,0,11,11,0,0,0,17,11043,0,9600,0,0,1496859283,0,0,0,0,0,0
2014-10-29,0,17,0,0,0,11,11,0,0,0,16,11067,0,9600,0,0,1588912282,0,0,0,0,0,0
2014-10-30,0,17,0,0,0,11,11,0,0,0,16,11092,0,9600,0,0,1683528914,0,0,0,0,0,0
2014-10-31,0,16,0,0,0,11,11,0,0,0,16,11115,0,9600,0,0,1772908313,0,0,0,0,0,0
2014-11-01,0,16,0,0,0,11,11,0,0,0,16,11139,0,9600,0,0,1859336371,0,0,0,0,0,0
2014-11-03,0,16,0,0,0,11,11,0,0,0,16,11188,0,9600,0,0,1113959836,0,0,0,0,0,0
2014-11-04,0,17,0,0,0,11,11,0,0,0,17,11213,0,9600,0,0,1214222172,0,0,0,0,0,0
2014-11-05,0,17,0,0,0,11,11,0,0,0,17,11237,0,9600,0,0,1299526598,0,0,0,0,0,0
2014-11-06,0,17,0,0,0,11,11,0,0,0,17,11260,0,9600,0,0,1375996045,0,0,0,0,0,0
2014-11-07,0,17,0,0,0,11,11,0,0,0,16,11285,0,9600,0,0,1452088824,0,0,0,0,0,0
2014-11-08,0,17,0,0,0,11,11,0,0,0,16,11309,0,9600,0,0,1527908649,0,0,0,0,0,0
2014-11-09,0,17,0,0,0,11,11,0,0,0,17,11332,0,9600,0,0,1603598440,0,0,0,0,0,0
2014-11-10,0,17,0,0,0,11,11,0,0,0,17,11356,0,9600,0,0,1679461692,0,0,0,0,0,0
2014-11-11,0,18,0,0,0,11,11,0,0,0,17,11381,0,9600,0,0,1768004325,0,0,0,0,0,0
2014-11-12,0,17,0,0,0,11,11,0,0,0,17,11405,0,9600,0,0,949575366,0,0,0,0,0,0
2014-11-13,0,18,0,0,0,11,11,0,0,0,17,11428,0,9600,0,0,1053874382,0,0,0,0,0,0
2014-11-14,0,17,0,0,0,11,11,0,0,0,17,11453,0,9600,0,0,1164606931,0,0,0,0,0,0
2014-11-15,0,17,0,0,0,11,11,0,0,0,16,11477,0,9600,0,0,1257474381,0,0,0,0,0,0
2014-11-16,0,16,0,0,0,11,11,0,0,0,17,11500,0,9600,0,0,1349157834,0,0,0,0,0,0
2014-11-17,0,17,0,0,0,11,11,0,0,0,17,11524,0,9600,0,0,1442358373,0,0,0,0,0,0
2014-11-18,0,18,0,0,0,11,11,0,0,0,17,11549,0,9600,0,0,1541268251,0,0,0,0,0,0
2014-11-19,0,17,0,0,0,11,11,0,0,0,16,11572,0,9600,0,0,1643228353,0,0,0,0,0,0
2014-11-20,0,17,0,0,0,11,11,0,0,0,16,11596,0,9600,0,0,1755788717,0,0,0,0,0,0
2014-11-21,0,17,0,0,0,11,11,0,0,0,16,11621,0,9600,0,0,1863536641,0,0,0,0,0,0
2014-11-22,0,16,0,0,0,11,11,0,0,0,16,11644,0,9600,0,0,1004085198,0,0,0,0,0,0
2014-11-23,0,16,0,0,0,11,11,0,0,0,16,11668,0,9600,0,0,1098882882,0,0,0,0,0,0
2014-11-24,0,17,0,0,0,11,11,0,0,0,16,11693,0,9600,0,0,1203257814,0,0,0,0,0,0
2014-11-25,0,18,0,0,0,11,11,0,0,0,17,11717,0,9600,0,0,1300078147,0,0,0,0,0,0
2014-11-26,0,16,0,0,0,11,11,0,0,0,16,11740,0,9600,0,0,1395460254,0,0,0,0,0,0
2014-11-27,0,16,0,0,0,11,11,0,0,0,16,11765,0,9600,0,0,1508753005,0,0,0,0,0,0
2014-11-28,0,16,0,0,0,11,11,0,0,0,16,11789,0,9600,0,0,1609031280,0,0,0,0,0,0
2014-11-29,0,17,0,0,0,11,11,0,0,0,16,11812,0,9600,0,0,1714317538,0,0,0,0,0,0
2014-11-30,0,17,0,0,0,11,11,0,0,0,16,11836,0,9600,0,0,1818868146,0,0,0,0,0,0
2014-12-01,0,16,0,0,0,11,11,0,0,0,16,11861,0,9600,0,0,1920389513,0,0,0,0,0,0
2014-12-02,0,17,0,0,0,11,11,0,0,0,17,11884,0,9600,0,0,1058928786,0,0,0,0,0,0
2014-12-03,0,17,0,0,0,11,11,0,0,0,17,11908,0,9600,0,0,1160876162,0,0,0,0,0,0
2014-12-04,0,17,0,0,0,11,11,0,0,0,16,11933,0,9600,0,0,1270293979,0,0,0,0,0,0
2014-12-05,0,17,0,0,0,11,11,0,0,0,16,11956,0,9600,0,0,1373395916,0,0,0,0,0,0
2014-12-06,0,17,0,0,0,11,11,0,0,0,17,11980,0,9600,0,0,1475032456,0,0,0,0,0,0
2014-12-07,0,17,0,0,0,11,11,0,0,0,17,12005,0,9600,0,0,1580112296,0,0,0,0,0,0
2014-12-08,0,17,0,0,0,11,11,0,0,0,17,12029,0,9600,0,0,1677967696,0,0,0,0,0,0
2014-12-09,0,19,0,0,0,11,11,0,0,0,18,12052,0,9600,0,0,1783859485,0,0,0,0,0,0
2014-12-10,0,17,0,0,0,11,11,0,0,0,17,12077,0,9600,0,0,1891780430,0,0,0,0,0,0
2014-12-11,0,17,0,0,0,11,11,0,0,0,17,12101,0,9600,0,0,1023002195,0,0,0,0,0,0
2014-12-12,0,17,0,0,0,11,11,0,0,0,17,12124,0,9600,0,0,1119336805,0,0,0,0,0,0
2014-12-13,0,17,0,0,0,11,11,0,0,0,17,12148,0,9600,0,0,1233321487,0,0,0,0,0,0
2014-12-14,0,17,0,0,0,11,11,0,0,0,17,12173,0,9600,0,0,1348030294,0,0,0,0,0,0
2014-12-15,0,17,0,0,0,11,11,0,0,0,17,12196,0,9600,0,0,1453180287,0,0,0,0,0,0
2014-12-16,0,18,0,0,0,13,13,0,0,0,18,12221,0,9590,0,0,2256454,0,0,0,0,0,0
2014-12-17,0,17,0,0,0,13,13,0,0,0,17,12244,0,9590,0,0,83667062,0,0,0,0,0,0
2014-12-18,0,18,0,0,0,13,13,0,0,0,17,12268,0,9590,0,0,183495723,0,0,0,0,0,0
2014-12-19,0,17,0,0,0,13,13,0,0,0,17,12292,0,9590,0,0,285977428,0,0,0,0,0,0
2014-12-20,0,17,0,0,0,13,13,0,0,0,17,12317,0,9590,0,0,384924533,0,0,0,0,0,0
2014-12-21,0,18,0,0,0,13,13,0,0,0,17,12340,0,9590,0,0,482607214,0,0,0,0,0,0
2014-12-22,0,18,0,0,0,13,13,0,0,0,17,12364,0,9590,0,0,574092031,0,0,0,0,0,0
2014-12-23,0,18,0,0,0,13,13,0,0,0,18,12389,0,9590,0,0,670873133,0,0,0,0,0,0
2014-12-24,0,17,0,0,0,13,13,0,0,0,17,12412,0,9590,0,0,766615835,0,0,0,0,0,0
2014-12-25,0,17,0,0,0,13,13,0,0,0,17,12436,0,9590,0,0,858206163,0,0,0,0,0,0
2014-12-26,0,17,0,0,0,13,13,0,0,0,17,12461,0,9590,0,0,956780518,0,0,0,0,0,0
2014-12-27,0,17,0,0,0,13,13,0,0,0,17,12484,0,9590,0,0,563332610,0,0,0,0,0,0
2014-12-28,0,17,0,0,0,13,13,0,0,0,17,12508,0,9590,0,0,655638321,0,0,0,0,0,0
2014-12-29,0,17,0,0,0,13,13,0,0,0,17,12533,0,9590,0,0,754032590,0,0,0,0,0,0
2014-12-30,0,18,0,0,0,13,13,0,0,0,18,12556,0,9590,0,0,852085306,0,0,0,0,0,0
2014-12-31,0,17,0,0,0,13,13,0,0,0,17,12580,0,9590,0,0,951110841,0,0,0,0,0,0
2015-01-01,0,17,0,0,0,13,13,0,0,0,17,12604,0,9590,0,0,1042922895,0,0,0,0,0,0
2015-01-02,0,18,0,0,0,13,13,0,0,0,17,12629,0,9590,0,0,1142552827,0,0,0,0,0,0
2015-01-03,0,17,0,0,0,13,13,0,0,0,17,12652,0,9590,0,0,1237831966,0,0,0,0,0,0
2015-01-04,0,18,0,0,0,13,13,0,0,0,17,12676,0,9590,0,0,1340147158,0,0,0,0,0,0
2015-01-05,0,18,0,0,0,13,13,0,0,0,17,12701,0,9590,0,0,1452030510,0,0,0,0,0,0
2015-01-06,0,18,0,0,0,13,13,0,0,0,18,12724,0,9590,0,0,828289848,0,0,0,0,0,0
2015-01-07,0,17,0,0,0,13,13,0,0,0,17,12748,0,9590,0,0,932333657,0,0,0,0,0,0
2015-01-08,0,17,0,0,0,13,13,0,0,0,17,12773,0,9590,0,0,1024880492,0,0,0,0,0,0
2015-01-09,0,17,0,0,0,13,13,0,0,0,17,12796,0,9590,0,0,1129464356,0,0,0,0,0,0
2015-01-10,0,17,0,0,0,13,13,0,0,0,17,12820,0,9590,0,0,1243458484,0,0,0,0,0,0
2015-01-11,0,17,0,0,0,13,13,0,0,0,17,12845,0,9590,0,0,1347404759,0,0,0,0,0,0
2015-01-12,0,17,0,0,0,13,13,0,0,0,17,12869,0,9590,0,0,1444433543,0,0,0,0,0,0
2015-01-13,0,19,0,0,0,13,13,0,0,0,18,12892,0,9590,0,0,1538854005,0,0,0,0,0,0
2015-01-14,0,18,0,0,0,13,13,0,0,0,17,12916,0,9590,0,0,1642190268,0,0,0,0,0,0
2015-01-15,0,18,0,0,0,13,13,0,0,0,17,12941,0,9590,0,0,883743284,0,0,0,0,0,0
2015-01-16,0,17,0,0,0,13,13,0,0,0,17,12964,0,9590,0,0,981944705,0,0,0,0,0,0
2015-01-17,0,17,0,0,0,13,13,0,0,0,17,12988,0,9590,0,0,1089026727,0,0,0,0,0,0
2015-01-18,0,17,0,0,0,13,13,0,0,0,17,13013,0,9590,0,0,1192924790,0,0,0,0,0,0
2015-01-19,0,17,0,0,0,13,13,0,0,0,17,13036,0,9590,0,0,1288655144,0,0,0,0,0,0
2015-01-20,0,18,0,0,0,13,13,0,0,0,18,13060,0,9590,0,0,1402985156,0,0,0,0,0,0
2015-01-21,0,18,0,0,0,13,13,0,0,0,17,13084,0,9590,0,0,1503574878,0,0,0,0,0,0
2015-01-22,0,17,0,0,0,13,13,0,0,0,17,13108,0,9590,0,0,1609516668,0,0,0,0,0,0
2015-01-23,0,18,0,0,0,13,13,0,0,0,17,13132,0,9590,0,0,1705916401,0,0,0,0,0,0
2015-01-24,0,17,0,0,0,13,13,0,0,0,17,13156,0,9590,0,0,1806452372,0,0,0,0,0,0
2015-01-25,0,17,0,0,0,13,13,0,0,0,17,13181,0,9590,0,0,986466236,0,0,0,0,0,0
2015-01-26,0,18,0,0,0,13,13,0,0,0,17,13204,0,9590,0,0,1089439549,0,0,0,0,0,0
2015-01-27,0,19,0,0,0,13,13,0,0,0,18,13228,0,9590,0,0,1176543068,0,0,0,0,0,0
2015-01-28,0,17,0,0,0,13,13,0,0,0,17,13253,0,9590,0,0,1286591925,0,0,0,0,0,0
2015-01-29,0,18,0,0,0,13,13,0,0,0,17,13276,0,9590,0,0,1398662635,0,0,0,0,0,0
2015-01-30,0,18,0,0,0,13,13,0,0,0,17,13300,0,9590,0,0,1493999337,0,0,0,0,0,0
2015-01-31,0,18,0,0,0,13,13,0,0,0,18,13325,0,9590,0,0,1614866156,0,0,0,0,0,0
2015-02-01,0,18,0,0,0,13,13,0,0,0,18,13348,0,9590,0,0,1728526228,0,0,0,0,0,0
2015-02-02,0,18,0,0,0,13,13,0,0,0,18,13372,0,9590,0,0,1834575151,0,0,0,0,0,0
2015-02-03,0,18,0,0,0,13,13,0,0,0,18,13396,0,9590,0,0,976040899,0,0,0,0,0,0
2015-02-04,0,18,0,0,0,13,13,0,0,0,18,13420,0,9590,0,0,1085733766,0,0,0,0,0,0
2015-02-05,0,18,0,0,0,13,13,0,0,0,17,13444,0,9590,0,0,1183424529,0,0,0,0,0,0
2015-02-06,0,18,0,0,0,13,13,0,0,0,17,13468,0,9590,0,0,1290674060,0,0,0,0,0,0
2015-02-07,0,18,0,0,0,13,13,0,0,0,18,13493,0,9590,0,0,1398197444,0,0,0,0,0,0
2015-02-08,0,18,0,0,0,13,13,0,0,0,18,13516,0,9590,0,0,1496423792,0,0,0,0,0,0
2015-02-09,0,18,0,0,0,13,13,0,0,0,18,13540,0,9590,0,0,1608157905,0,0,0,0,0,0
2015-02-10,0,19,0,0,0,13,13,0,0,0,18,13565,0,9590,0,0,1711815605,0,0,0,0,0,0
2015-02-11,0,18,0,0,0,13,13,0,0,0,18,13588,0,9590,0,0,1814407743,0,0,0,0,0,0
2015-02-12,0,18,0,0,0,14,14,0,0,0,18,13612,0,9590,0,0,90443961,0,0,0,0,0,0
2015-02-13,0,18,0,0,0,14,14,0,0,0,18,13636,0,9590,0,0,182877727,0,0,0,0,0,0
2015-02-14,0,18,0,0,0,14,14,0,0,0,18,13660,0,9590,0,0,339795241,0,0,0,0,0,0
2015-02-15,0,18,0,0,0,14,14,0,0,0,18,13684,0,9590,0,0,442015411,0,0,0,0,0,0
2015-02-16,0,18,0,0,0,14,14,0,0,0,18,13708,0,9590,0,0,448218679,0,0,0,0,0,0
2015-02-17,0,18,0,0,0,14,14,0,0,0,18,13732,0,9590,0,0,454239311,0,0,0,0,0,0
2015-02-18,0,18,0,0,0,17,17,0,0,0,18,13756,0,9620,0,0,666663923,0,0,0,0,0,0
2015-02-19,0,18,0,0,0,17,17,0,0,0,17,13780,0,9620,0,0,794855644,0,0,0,0,0,0
2015-02-20,0,17,0,0,0,17,17,0,0,0,17,13804,0,9620,0,0,897665478,0,0,0,0,0,0
2015-02-21,0,18,0,0,0,17,17,0,0,0,17,13828,0,9620,0,0,1002842389,0,0,0,0,0,0
2015-02-22,0,18,0,0,0,17,17,0,0,0,17,13852,0,9620,0,0,577093671,0,0,0,0,0,0
2015-02-23,0,18,0,0,0,17,17,0,0,0,17,13876,0,9620,0,0,669295643,0,0,0,0,0,0
2015-02-24,0,19,0,0,0,17,17,0,0,0,18,13900,0,9620,0,0,761409049,0,0,0,0,0,0
2015-02-25,0,17,0,0,0,17,17,0,0,0,17,13924,0,9620,0,0,862970528,0,0,0,0,0,0
2015-02-26,0,17,0,0,0,17,17,0,0,0,17,13948,0,9620,0,0,995018492,0,0,0,0,0,0
2015-02-27,0,17,0,0,0,17,17,0,0,0,17,13972,0,9620,0,0,1153396140,0,0,0,0,0,0
2015-02-28,0,18,0,0,0,17,17,0,0,0,17,13996,0,9620,0,0,1253054972,0,0,0,0,0,0
2015-03-01,0,17,0,0,0,17,17,0,0,0,17,14020,0,9620,0,0,1352068907,0,0,0,0,0,0
2015-03-02,0,16,0,0,0,17,17,0,0,0,17,14044,0,9620,0,0,1451072214,0,0,0,0,0,0
2015-03-03,0,18,0,0,0,17,17,0,0,0,18,14068,0,9620,0,0,791215854,0,0,0,0,0,0
2015-03-04,0,17,0,0,0,17,17,0,0,0,17,14092,0,9620,0,0,880945643,0,0,0,0,0,0
2015-03-05,0,17,0,0,0,17,17,0,0,0,17,14116,0,9620,0,0,972490179,0,0,0,0,0,0
2015-03-06,0,17,0,0,0,17,17,0,0,0,17,14140,0,9620,0,0,1058817946,0,0,0,0,0,0
2015-03-07,0,17,0,0,0,17,17,0,0,0,17,14164,0,9620,0,0,1145457225,0,0,0,0,0,0
2015-03-08,0,17,0,0,0,17,17,0,0,0,17,14188,0,9620,0,0,1237275895,0,0,0,0,0,0
2015-03-09,0,17,0,0,0,17,17,0,0,0,17,14212,0,9620,0,0,1325599739,0,0,0,0,0,0
2015-03-10,0,19,0,0,0,17,17,0,0,0,18,14235,0,9620,0,0,1415609428,0,0,0,0,0,0
2015-03-11,0,17,0,0,0,17,17,0,0,0,17,14259,0,9620,0,0,1503182332,0,0,0,0,0,0
2015-03-12,0,17,0,0,0,17,17,0,0,0,17,14283,0,9620,0,0,1598892042,0,0,0,0,0,0
2015-03-13,0,18,0,0,0,17,17,0,0,0,17,14307,0,9620,0,0,1698641260,0,0,0,0,0,0
2015-03-14,0,18,0,0,0,17,17,0,0,0,18,14331,0,9620,0,0,934418520,0,0,0,0,0,0
2015-03-15,0,18,0,0,0,17,17,0,0,0,18,14355,0,9620,0,0,1028345960,0,0,0,0,0,0
2015-03-16,0,18,0,0,0,17,17,0,0,0,17,14379,0,9620,0,0,1124842263,0,0,0,0,0,0
2015-03-17,0,19,0,0,0,17,17,0,0,0,18,14403,0,9620,0,0,1220613495,0,0,0,0,0,0
2015-03-18,0,18,0,0,0,17,17,0,0,0,17,14427,0,9620,0,0,1310506047,0,0,0,0,0,0
2015-03-19,0,18,0,0,0,17,17,0,0,0,18,14451,0,9620,0,0,1360927307,0,0,0,0,0,0
2015-03-20,0,17,0,0,0,17,17,0,0,0,17,14475,0,9620,0,0,1403568631,0,0,0,0,0,0
2015-03-21,0,18,0,0,0,17,17,0,0,0,17,14499,0,9620,0,0,1497514434,0,0,0,0,0,0
2015-03-22,0,17,0,0,0,17,17,0,0,0,17,14523,0,9620,0,0,1586107715,0,0,0,0,0,0
2015-03-23,0,17,0,0,0,17,17,0,0,0,17,14547,0,9620,0,0,1681726619,0,0,0,0,0,0
2015-03-24,0,18,0,0,0,17,17,0,0,0,17,14571,0,9620,0,0,1776345105,0,0,0,0,0,0
2015-03-25,0,17,0,0,0,17,17,0,0,0,17,14595,0,9620,0,0,962754238,0,0,0,0,0,0
2015-03-26,0,17,0,0,0,17,17,0,0,0,17,14619,0,9620,0,0,1163156709,0,0,0,0,0,0
2015-03-27,0,17,0,0,0,17,17,0,0,0,17,14643,0,9620,0,0,1406515257,0,0,0,0,0,0
2015-03-28,0,18,0,0,0,17,17,0,0,0,18,14667,0,9620,0,0,1584567546,0,0,0,0,0,0
2015-03-29,0,17,0,0,0,17,17,0,0,0,18,14691,0,9620,0,0,2126826542,0,0,0,0,0,0
2015-03-30,0,17,0,0,0,17,17,0,0,0,17,14715,0,9620,0,0,1474592675,0,0,0,0,0,0
2015-04-11,0,16,0,0,0,19,19,0,0,0,17,15002,0,9510,0,0,836525854,0,0,0,0,0,0
2015-04-12,0,17,0,0,0,19,19,0,0,0,17,15025,0,9510,0,0,876355486,0,0,0,0,0,0
2015-04-13,0,16,0,0,0,19,19,0,0,0,17,15049,0,9510,0,0,921584223,0,0,0,0,0,0
2015-04-14,0,17,0,0,0,19,19,0,0,0,17,15073,0,9510,0,0,954738029,0,0,0,0,0,0
2015-04-15,0,16,0,0,0,19,19,0,0,0,16,15097,0,9510,0,0,987616534,0,0,0,0,0,0
2015-04-16,0,17,0,0,0,19,19,0,0,0,16,15121,0,9510,0,0,1019932487,0,0,0,0,0,0
2015-04-17,0,17,0,0,0,20,20,0,0,0,16,15145,0,9560,0,0,1404903,0,0,0,0,0,0
2015-04-18,0,15,0,0,0,20,20,0,0,0,15,15169,0,9560,0,0,6883176,0,0,0,0,0,0
2015-04-19,0,17,0,0,0,20,20,0,0,0,16,15193,0,9560,0,0,12914157,0,0,0,0,0,0
2015-04-20,0,18,0,0,0,20,20,0,0,0,17,15217,0,9560,0,0,18715905,0,0,0,0,0,0
2015-04-21,0,18,0,0,0,20,20,0,0,0,17,15241,0,9560,0,0,25260611,0,0,0,0,0,0
2015-04-25,0,19,0,0,0,20,20,0,0,0,18,15337,0,9560,0,0,417317070,0,0,0,0,0,0
2015-04-26,0,18,0,0,0,20,20,0,0,0,18,15361,0,9560,0,0,848770369,0,0,0,0,0,0
2015-04-27,0,18,0,0,0,20,20,0,0,0,18,15385,0,9560,0,0,1285617016,0,0,0,0,0,0
2015-04-28,0,20,0,0,0,20,20,0,0,0,18,15409,0,9560,0,0,970281294,0,0,0,0,0,0
2015-04-29,0,19,0,0,0,20,20,0,0,0,18,15433,0,9560,0,0,1395337088,0,0,0,0,0,0
2015-04-30,0,19,0,0,0,20,20,0,0,0,18,15457,0,9560,0,0,1830583085,0,0,0,0,0,0
2015-05-01,0,20,0,0,18,20,20,0,0,24,19,15481,0,9560,0,0,1184638869,0,0,0,0,0,0
2015-05-02,0,16,0,0,98,20,20,0,0,102,17,15505,0,9560,0,0,1558780427,0,0,0,0,0,0
2015-05-03,0,17,0,0,107,20,20,0,0,111,17,15529,0,9560,0,0,1566031662,0,0,0,0,0,0
2015-05-04,0,16,0,0,117,20,20,0,0,121,17,15553,0,9560,0,0,1573566051,0,0,0,0,0,0
2015-05-05,0,19,0,0,180,20,20,0,0,184,18,15577,0,9560,0,0,1685092744,0,0,0,0,0,0
2015-05-06,0,17,0,0,312,20,20,0,0,313,17,15601,0,9560,0,0,1904308451,0,0,0,0,0,0
2015-05-07,0,17,0,0,432,20,20,0,0,432,16,15625,0,9560,0,0,2115378620,0,0,0,0,0,0
2015-05-08,0,18,0,0,547,20,20,0,0,546,18,15649,0,9560,0,0,2315064687,0,0,0,0,0,0
2015-05-09,0,18,0,0,665,20,20,0,0,664,17,15673,0,9560,0,0,1263060614,0,0,0,0,0,0
2015-05-10,0,18,0,0,433,20,20,0,0,773,18,15697,0,9560,0,0,1463434236,0,0,0,0,0,0
2015-05-11,0,18,0,0,550,20,20,0,0,888,18,15721,0,9560,0,0,1666235092,0,0,0,0,0,0
2015-05-12,0,20,0,0,656,20,20,0,0,991,20,15745,0,9560,0,0,1876279731,0,0,0,0,0,0
2015-05-13,0,18,0,0,700,21,21,0,0,1035,18,15769,0,9570,0,0,2482540,0,0,0,0,0,0
2015-05-14,0,19,0,0,768,21,21,0,0,1102,18,15793,0,9570,0,0,202018269,0,0,0,0,0,0
2015-05-15,0,19,0,0,929,21,21,0,0,1260,19,15817,0,9570,0,0,561344597,0,0,0,0,0,0
2015-05-16,0,20,0,0,619,21,21,0,0,1463,19,15841,0,9570,0,0,933228782,0,0,0,0,0,0
2015-05-17,0,17,0,0,828,21,21,0,0,1670,19,15865,0,9570,0,0,1274605470,0,0,0,0,0,0
2015-05-18,0,20,0,0,1050,21,21,0,0,1889,20,15889,0,9570,0,0,920329215,0,0,0,0,0,0
2015-05-19,0,22,0,0,1255,21,21,0,0,2086,21,15913,0,9570,0,0,1235426755,0,0,0,0,0,0
2015-05-20,0,19,0,0,762,21,21,0,0,2288,18,15937,0,9570,0,0,1570468370,0,0,0,0,0,0
2015-05-21,0,18,0,0,972,21,21,0,0,2495,18,15961,0,9570,0,0,1894266295,0,0,0,0,0,0
2015-05-22,0,18,0,0,1158,21,21,0,0,2680,19,15985,0,9570,0,0,1198907509,0,0,0,0,0,0
2015-05-23,0,19,0,0,1367,21,21,0,0,2886,18,16009,0,9570,0,0,1576186441,0,0,0,0,0,0
2015-05-24,0,19,0,0,813,21,21,0,0,3084,19,16033,0,9570,0,0,1928895610,0,0,0,0,0,0
2015-05-25,0,18,0,0,1013,21,21,0,0,3279,19,16057,0,9570,0,0,2259408351,0,0,0,0,0,0
2015-05-26,0,20,0,0,1222,21,21,0,0,3483,19,16081,0,9570,0,0,1288828087,0,0,0,0,0,0
2015-05-27,0,18,0,0,1446,21,21,0,0,3703,18,16105,0,9570,0,0,1525108946,0,0,0,0,0,0
2015-05-28,0,18,0,0,1670,21,21,0,0,3922,18,16129,0,9570,0,0,1723337877,0,0,0,0,0,0
2015-05-29,0,18,0,0,1888,21,21,0,0,4137,17,16153,0,9570,0,0,1919240527,0,0,0,0,0,0
2015-05-30,0,18,0,0,1132,21,21,0,0,4342,17,16177,0,9570,0,0,2111629890,0,0,0,0,0,0
2015-05-31,0,18,0,0,1349,21,21,0,0,4555,18,16201,0,9570,0,0,2304590695,0,0,0,0,0,0
2015-06-01,0,18,0,0,1581,21,21,0,0,4781,18,16225,0,9570,0,0,2504846432,0,0,0,0,0,0
2015-06-02,0,19,0,0,1801,21,21,0,0,4996,18,16249,0,9570,0,0,1401740474,0,0,0,0,0,0
2015-06-03,0,18,0,0,2027,21,21,0,0,5217,17,16273,0,9570,0,0,1596393675,0,0,0,0,0,0
2015-06-04,0,19,0,0,2250,21,21,0,0,5438,18,16297,0,9570,0,0,1794305620,0,0,0,0,0,0
2015-06-05,0,18,0,0,2458,21,21,0,0,5644,17,16321,0,9570,0,0,1987733167,0,0,0,0,0,0
2015-06-06,0,17,0,0,1432,21,21,0,0,5856,17,16345,0,9570,0,0,2189415249,0,0,0,0,0,0
2015-06-07,0,18,0,0,1667,21,21,0,0,6085,18,16369,0,9570,0,0,2396700373,0,0,0,0,0,0
2015-06-08,0,18,0,0,1876,21,21,0,0,6293,18,16393,0,9570,0,0,2606191186,0,0,0,0,0,0
2015-06-09,0,19,0,0,2095,21,21,0,0,6508,18,16417,0,9570,0,0,1512164559,0,0,0,0,0,0
2015-06-10,0,18,0,0,2319,21,21,0,0,6727,17,16441,0,9570,0,0,1721681222,0,0,0,0,0,0
2015-06-11,0,18,0,0,2535,21,21,0,0,6938,17,16465,0,9570,0,0,1933996883,0,0,0,0,0,0
2015-06-12,0,18,0,0,1422,21,21,0,0,7134,16,16489,0,9570,0,0,2209567311,0,0,0,0,0,0
2015-06-13,0,18,0,0,1644,21,21,0,0,7351,16,16513,0,9570,0,0,2543284507,0,0,0,0,0,0
2015-06-14,0,18,0,0,1853,21,21,0,0,7555,18,16536,0,9570,0,0,1478479532,0,0,0,0,0,0
2015-06-15,0,17,0,0,2069,21,21,0,0,7766,17,16561,0,9570,0,0,1760499906,0,0,0,0,0,0
2015-06-16,0,18,0,0,2278,21,21,0,0,7968,18,16585,0,9570,0,0,2013888564,0,0,0,0,0,0
2015-06-17,0,16,0,0,1306,21,21,0,0,8172,16,16609,0,9570,0,0,2213182291,0,0,0,0,0,0
2015-06-18,0,17,0,0,1533,21,21,0,0,8392,16,16633,0,9570,0,0,2413450212,0,0,0,0,0,0
2015-06-19,0,18,0,0,1749,21,21,0,0,8606,17,16657,0,9570,0,0,2619552227,0,0,0,0,0,0
2015-06-20,0,18,0,0,1950,21,21,0,0,8807,16,16681,0,9570,0,0,1469410419,0,0,0,0,0,0
2015-06-21,0,17,0,0,2161,21,21,0,0,9016,17,16705,0,9570,0,0,1742501049,0,0,0,0,0,0
2015-06-22,0,18,0,0,2349,21,21,0,0,9202,18,16729,0,9570,0,0,2079656123,0,0,0,0,0,0
2015-06-23,0,19,0,0,1376,21,21,0,0,9409,18,16753,0,9570,0,0,2320198765,0,0,0,0,0,0
2015-06-24,0,18,0,0,1582,21,21,0,0,9610,17,16777,0,9570,0,0,2590295944,0,0,0,0,0,0
2015-06-25,0,17,0,0,1778,21,21,0,0,9801,16,16801,0,9570,0,0,1482258645,0,0,0,0,0,0
2015-06-26,0,17,0,0,1969,21,21,0,0,9990,16,16825,0,9570,0,0,1714427400,0,0,0,0,0,0
2015-06-27,0,18,0,0,2163,21,21,0,0,10180,16,16848,0,9570,0,0,1912833597,0,0,0,0,0,0
2015-06-28,0,17,0,0,1201,21,21,0,0,10380,17,16873,0,9570,0,0,2123120329,0,0,0,0,0,0
2015-06-29,0,17,0,0,1383,21,21,0,0,10560,17,16897,0,9570,0,0,2355082745,0,0,0,0,0,0
2015-06-30,0,18,0,0,1586,21,21,0,0,10762,17,16921,0,9570,0,0,2623606419,0,0,0,0,0,0
2015-07-01,0,16,0,0,1783,21,21,0,0,10956,16,16945,0,9570,0,0,1462036115,0,0,0,0,0,0
2015-07-02,0,18,0,0,1985,21,21,0,0,11156,17,16969,0,9570,0,0,1689297644,0,0,0,0,0,0
2015-07-03,0,20,0,0,2185,21,21,0,0,11352,19,16993,0,9570,0,0,1886125599,0,0,0,0,0,0
2015-07-04,0,18,0,0,1209,21,21,0,0,11549,17,17017,0,9570,0,0,2099395151,0,0,0,0,0,0
2015-07-05,0,18,0,0,1401,21,21,0,0,11740,18,17041,0,9570,0,0,2311540148,0,0,0,0,0,0
2015-07-06,0,19,0,0,1596,21,21,0,0,11931,18,17065,0,9570,0,0,2598288728,0,0,0,0,0,0
2015-07-07,0,20,0,0,1788,21,21,0,0,12119,19,17089,0,9570,0,0,1548433640,0,0,0,0,0,0
2015-07-08,0,20,0,0,1983,21,21,0,0,12313,19,17113,0,9570,0,0,1830224028,0,0,0,0,0,0
2015-07-09,0,21,0,0,1107,21,21,0,0,12501,21,17137,0,9570,0,0,2173011865,0,0,0,0,0,0
2015-07-10,0,21,0,0,1284,21,21,0,0,12675,20,17161,0,9570,0,0,2509813288,0,0,0,0,0,0
2015-07-11,0,21,0,0,1486,21,21,0,0,12873,20,17185,0,9570,0,0,1468250051,0,0,0,0,0,0
2015-07-12,0,21,0,0,1671,21,21,0,0,13055,20,17209,0,9570,0,0,1795471977,0,0,0,0,0,0
2015-07-13,0,21,0,0,934,21,21,0,0,13242,21,17233,0,9570,0,0,2144128569,0,0,0,0,0,0
2015-07-14,0,21,0,0,1136,21,21,0,0,13439,20,17256,0,9570,0,0,2522176941,0,0,0,0,0,0
2015-07-15,0,21,0,0,1319,21,21,0,0,13620,21,17281,0,9570,0,0,1494697955,0,0,0,0,0,0
2015-07-16,0,20,0,0,1505,21,21,0,0,13799,19,17305,0,9570,0,0,1847565933,0,0,0,0,0,0
2015-07-17,0,20,0,0,849,21,21,0,0,13975,19,17328,0,9570,0,0,2189312579,0,0,0,0,0,0
2015-07-18,0,19,0,0,1043,21,21,0,0,14164,19,17353,0,9570,0,0,2574987981,0,0,0,0,0,0
2015-07-19,0,20,0,0,1222,21,21,0,0,14336,19,17377,0,9570,0,0,1513296851,0,0,0,0,0,0
2015-07-20,0,20,0,0,1403,21,21,0,0,14512,19,17401,0,9570,0,0,1870267139,0,0,0,0,0,0
2015-07-21,0,21,0,0,810,21,21,0,0,14717,19,17425,0,9570,0,0,2179325350,0,0,0,0,0,0
2015-07-22,0,19,0,0,986,21,21,0,0,14889,19,17448,0,9570,0,0,2531847967,0,0,0,0,0,0
2015-07-23,0,19,0,0,1154,21,21,0,0,15053,18,17473,0,9570,0,0,1498818490,0,0,0,0,0,0
2015-07-24,0,19,0,0,1327,21,21,0,0,15224,18,17497,0,9570,0,0,1856394049,0,0,0,0,0,0
2015-07-25,0,18,0,0,752,21,21,0,0,15379,18,17521,0,9570,0,0,2198362764,0,0,0,0,0,0
2015-07-26,0,19,0,0,933,21,21,0,0,15555,19,17545,0,9570,0,0,2553074094,0,0,0,0,0,0
2015-07-27,0,19,0,0,1116,21,21,0,0,15733,19,17569,0,9570,0,0,1463993108,0,0,0,0,0,0
2015-07-28,0,20,0,0,1282,21,21,0,0,15896,19,17593,0,9570,0,0,1794998378,0,0,0,0,0,0
2015-07-29,0,19,0,0,1459,21,21,0,0,16069,19,17617,0,9570,0,0,2112320172,0,0,0,0,0,0
2015-07-30,0,19,0,0,905,21,21,0,0,16248,19,17641,0,9570,0,0,2410710811,0,0,0,0,0,0
2015-07-31,0,19,0,0,1070,21,21,0,0,16411,18,17665,0,9570,0,0,2731519866,0,0,0,0,0,0
2015-08-01,0,17,0,0,1260,21,21,0,0,16599,17,17689,0,9570,0,0,1651602907,0,0,0,0,0,0
2015-08-02,0,17,0,0,1446,21,21,0,0,16782,17,17713,0,9570,0,0,1951764781,0,0,0,0,0,0
2015-08-03,0,18,0,0,853,21,21,0,0,16962,17,17737,0,9570,0,0,2258971350,0,0,0,0,0,0
2015-08-04,0,17,0,0,1055,21,21,0,0,17161,18,17761,0,9570,0,0,2481661729,0,0,0,0,0,0
2015-08-05,0,17,0,0,1277,21,21,0,0,17381,17,17785,0,9570,0,0,2670202850,0,0,0,0,0,0
2015-08-06,0,17,0,0,1497,21,21,0,0,17600,17,17809,0,9570,0,0,1469694360,0,0,0,0,0,0
2015-08-07,0,17,0,0,1711,21,21,0,0,17814,16,17833,0,9570,0,0,1670106839,0,0,0,0,0,0
2015-08-08,0,17,0,0,1926,21,21,0,0,18025,17,17857,0,9570,0,0,1866314509,0,0,0,0,0,0
2015-08-09,0,17,0,0,2132,21,21,0,0,18229,17,17881,0,9570,0,0,2066302052,0,0,0,0,0,0
2015-08-10,0,17,0,0,1255,21,21,0,0,18427,17,17905,0,9570,0,0,2276539497,0,0,0,0,0,0
2015-08-11,0,19,0,0,1479,21,21,0,0,18644,18,17929,0,9570,0,0,2482054720,0,0,0,0,0,0
2015-08-12,0,17,0,0,1670,21,21,0,0,18831,17,17952,0,9570,0,0,1397530243,0,0,0,0,0,0
2015-08-13,0,18,0,0,1878,21,21,0,0,19033,17,17977,0,9570,0,0,1654052388,0,0,0,0,0,0
2015-08-14,0,19,0,0,2088,21,21,0,0,19239,19,18001,0,9570,0,0,1917013136,0,0,0,0,0,0
2015-08-15,0,19,0,0,1176,21,21,0,0,19438,19,18025,0,9570,0,0,2171632182,0,0,0,0,0,0
2015-08-16,0,19,0,0,1401,21,21,0,0,19660,18,18049,0,9570,0,0,2408995180,0,0,0,0,0,0
2015-08-17,0,18,0,0,1623,21,21,0,0,19876,18,18073,0,9570,0,0,2594700330,0,0,0,0,0,0
2015-08-18,0,18,0,0,1843,21,21,0,0,20089,18,18097,0,9570,0,0,1408197050,0,0,0,0,0,0
2015-08-19,0,18,0,0,2069,21,21,0,0,20310,18,18121,0,9570,0,0,1584459455,0,0,0,0,0,0
2015-08-20,0,18,0,0,2268,21,21,0,0,20502,18,18145,0,9570,0,0,1751145961,0,0,0,0,0,0
2015-08-21,0,19,0,0,2463,21,21,0,0,20693,19,18169,0,9570,0,0,1963530905,0,0,0,0,0,0
2015-08-22,0,20,0,0,1274,22,22,0,0,20771,19,18193,0,9600,0,0,18302486,0,0,0,0,0,0
2015-08-23,0,20,0,0,1274,22,22,0,0,20771,19,18216,0,9600,0,0,24113165,0,0,0,0,0,0
2015-08-24,0,19,0,0,1274,22,22,0,0,20771,19,18241,0,9600,0,0,30490438,0,0,0,0,0,0
2015-08-25,0,20,0,0,1274,22,22,0,0,20771,19,18265,0,9600,0,0,36952925,0,0,0,0,0,0
2015-08-26,0,19,0,0,1286,23,23,0,0,20783,19,18288,0,9540,0,0,2406780,0,0,0,0,0,0
2015-08-27,0,19,0,0,1304,24,24,0,0,20801,19,18312,0,9610,0,0,2186066,0,0,0,0,0,0
2015-08-28,0,20,0,0,1351,24,24,0,0,20848,20,18336,0,9610,0,0,429548712,0,0,0,0,0,0
2015-08-29,0,20,0,0,1466,24,24,0,0,20963,19,18361,0,9610,0,0,1078607552,0,0,0,0,0,0
2015-08-30,0,20,0,0,1670,24,24,0,0,21164,19,18384,0,9610,0,0,1383862559,0,0,0,0,0,0
2015-08-31,0,19,0,0,1045,24,24,0,0,21377,19,18409,0,9610,0,0,950371591,0,0,0,0,0,0
2015-09-01,0,20,0,0,1213,24,24,0,0,21541,20,18433,0,9610,0,0,1287469345,0,0,0,0,0,0
2015-09-02,0,19,0,0,1367,24,24,0,0,21694,19,18456,0,9610,0,0,1670347166,0,0,0,0,0,0
2015-09-03,0,20,0,0,1526,24,24,0,0,21851,19,18480,0,9610,0,0,2022982298,0,0,0,0,0,0
2015-09-04,0,20,0,0,921,24,24,0,0,22017,19,18505,0,9610,0,0,1324183372,0,0,0,0,0,0
2015-09-05,0,19,0,0,1079,24,24,0,0,22174,19,18529,0,9610,0,0,1658764268,0,0,0,0,0,0
2015-09-06,0,19,0,0,1129,24,24,0,0,22224,19,18553,0,9610,0,0,1682025993,0,0,0,0,0,0
2015-09-07,0,19,0,0,1173,24,24,0,0,22268,19,18577,0,9610,0,0,1689411981,0,0,0,0,0,0
2015-09-08,0,19,0,0,1219,24,24,0,0,22314,19,18601,0,9610,0,0,1696327659,0,0,0,0,0,0
2015-09-09,0,19,0,0,1245,27,27,0,0,22340,19,18624,0,9490,0,0,1452913,0,0,0,0,0,0
2015-09-10,0,20,0,0,1294,27,27,0,0,22388,20,18648,0,9490,0,0,472234852,0,0,0,0,0,0
2015-09-11,0,20,0,0,735,27,27,0,0,22486,19,18672,0,9490,0,0,1117263716,0,0,0,0,0,0
2015-09-12,0,19,0,0,851,28,28,0,0,22599,19,18696,0,9650,0,0,1608480,0,0,0,0,0,0
2015-09-13,0,19,0,0,871,28,28,0,0,22619,19,18720,0,9650,0,0,7884617,0,0,0,0,0,0
2015-09-14,0,19,0,0,889,28,28,0,0,22637,19,18744,0,9650,0,0,14060812,0,0,0,0,0,0
2015-09-15,0,20,0,0,979,28,28,0,0,22726,20,18768,0,9650,0,0,192068194,0,0,0,0,0,0
2015-09-16,0,20,0,0,1139,28,28,0,0,22881,19,18792,0,9650,0,0,579854256,0,0,0,0,0,0
2015-09-17,0,20,0,0,677,28,28,0,0,23039,19,18816,0,9650,0,0,953224097,0,0,0,0,0,0
2015-09-18,0,19,0,0,829,28,28,0,0,23191,19,18840,0,9650,0,0,1205782677,0,0,0,0,0,0
2015-09-19,0,19,0,0,981,28,28,0,0,23339,19,18864,0,9650,0,0,1307023508,0,0,0,0,0,0
2015-09-20,0,19,0,0,1140,28,28,0,0,23494,19,18888,0,9650,0,0,922515376,0,0,0,0,0,0
2015-09-21,0,20,0,0,1307,28,28,0,0,23660,19,18912,0,9650,0,0,1275029387,0,0,0,0,0,0
2015-09-22,0,20,0,0,757,28,28,0,0,23815,20,18935,0,9650,0,0,1628466135,0,0,0,0,0,0
2015-09-23,0,20,0,0,927,28,28,0,0,23980,19,18960,0,9650,0,0,1985285538,0,0,0,0,0,0
2015-09-24,0,19,0,0,1092,28,28,0,0,24143,19,18984,0,9650,0,0,1241930649,0,0,0,0,0,0
2015-09-25,0,19,0,0,1258,28,28,0,0,24307,19,19008,0,9650,0,0,1578405953,0,0,0,0,0,0
2015-09-26,0,20,0,0,715,28,28,0,0,24466,19,19032,0,9650,0,0,1890497112,0,0,0,0,0,0
2015-09-27,0,20,0,0,880,28,28,0,0,24630,19,19056,0,9650,0,0,2206031922,0,0,0,0,0,0
2015-09-28,0,19,0,0,1044,28,28,0,0,24792,19,19080,0,9650,0,0,1234152717,0,0,0,0,0,0
2015-09-29,0,20,0,0,1213,28,28,0,0,24956,20,19104,0,9650,0,0,1542837049,0,1,0,0,0,0
2015-09-30,0,20,0,0,1376,28,28,0,0,25117,19,19128,0,9650,0,0,1881995730,0,1,0,0,0,0
2015-10-01,0,20,0,0,801,28,28,0,0,25271,19,19152,0,9650,0,0,2173598557,0,1,0,0,0,0
2015-10-02,0,19,0,0,957,28,28,0,0,25423,19,19175,0,9650,0,0,2493867926,0,1,0,0,0,0
2015-10-03,0,20,0,0,1120,28,28,0,0,25583,19,19200,0,9650,0,0,1514216043,0,1,0,0,0,0
2015-10-04,0,19,0,0,1277,28,28,0,0,25735,19,19224,0,9650,0,0,1823053930,0,1,0,0,0,0
2015-10-05,0,20,0,0,726,28,28,0,0,25886,20,19247,0,9650,0,0,2156781763,0,1,0,0,0,0
2015-10-06,0,20,0,0,889,28,28,0,0,26042,20,19272,0,9650,0,0,2485631529,0,1,0,0,0,0
2015-10-07,0,20,0,0,1051,28,28,0,0,26201,19,19296,0,9650,0,0,1424173285,0,1,0,0,0,0
2015-10-08,0,17,0,0,1213,28,28,0,0,26360,17,19320,0,9650,0,0,1719739267,0,1,0,0,0,0
2015-10-09,0,18,0,0,741,28,28,0,0,26515,17,19344,0,9650,0,0,2063588828,0,1,0,0,0,0
2015-10-10,0,18,0,0,899,28,28,0,0,26669,17,19368,0,9650,0,0,2386345742,0,2,0,0,0,0
2015-10-11,0,17,0,0,1063,28,28,0,0,26828,17,19392,0,9650,0,0,2717028032,0,2,0,0,0,0
2015-10-12,0,18,0,0,1220,28,28,0,0,26984,17,19416,0,9650,0,0,1674995742,0,2,0,0,0,0
2015-10-13,0,18,0,0,730,28,28,0,0,27137,18,19440,0,9650,0,0,2004260144,0,2,0,0,0,0
2015-10-14,0,17,0,0,894,28,28,0,0,27298,17,19464,0,9650,0,0,2330635366,0,2,0,0,0,0
2015-10-15,0,17,0,0,1061,28,28,0,0,27457,17,19487,0,9650,0,0,2673461961,0,2,0,0,0,0
2015-10-16,0,18,0,0,1230,28,28,0,0,27622,17,19512,0,9650,0,0,1643934504,0,2,0,0,0,0
2015-10-17,0,18,0,0,726,28,28,0,0,27779,17,19536,0,9650,0,0,1985513353,0,2,0,0,0,0
2015-10-18,0,18,0,0,886,28,28,0,0,27931,18,19560,0,9650,0,0,2314257982,0,0,0,0,0,0
2015-10-19,0,18,0,0,1047,28,28,0,0,28088,17,19584,0,9650,0,0,2638558584,0,0,0,0,0,0
2015-10-20,0,18,0,0,1209,28,28,0,0,28245,18,19608,0,9650,0,0,1591091055,0,0,0,0,0,0
2015-10-21,0,18,0,0,707,28,28,0,0,28401,17,19632,0,9650,0,0,1933980695,0,0,0,0,0,0
2015-10-22,0,18,0,0,829,28,28,0,0,28521,17,19656,0,9650,0,0,2179258006,0,0,0,0,0,0
2015-10-23,0,18,0,0,989,28,28,0,0,28676,17,19680,0,9650,0,0,2515271895,0,0,0,0,0,0
2015-10-24,0,18,0,0,1139,28,28,0,0,28823,17,19704,0,9650,0,0,1417443661,0,0,0,0,0,0
2015-10-25,0,18,0,0,1305,28,28,0,0,28983,17,19728,0,9650,0,0,1755312658,0,0,0,0,0,0
2015-10-26,0,18,0,0,793,28,28,0,0,29137,17,19752,0,9650,0,0,2085694598,0,0,0,0,0,0
2015-10-27,0,19,0,0,955,28,28,0,0,29296,18,19776,0,9650,0,0,2411800396,0,0,0,0,0,0
2015-10-29,0,17,0,0,1266,28,28,0,0,29604,17,19824,0,9650,0,0,1495444747,0,0,0,0,0,0
2015-10-30,0,19,0,0,1426,28,28,0,0,29762,18,19848,0,9650,0,0,1772839802,0,0,0,0,0,0
2015-10-31,0,18,0,0,868,28,28,0,0,29919,17,19871,0,9650,0,0,2097217455,0,0,0,0,0,0
2015-11-02,0,18,0,0,1188,28,28,0,0,30238,18,19920,0,9650,0,0,2718730322,0,0,0,0,0,0
2015-11-03,0,18,0,0,1349,28,28,0,0,30395,18,19945,0,9650,0,0,1698164142,0,0,0,0,0,0
2015-11-04,0,19,0,0,809,28,28,0,0,30554,18,19969,0,9650,0,0,2039502593,0,0,0,0,0,0
2015-11-05,0,20,0,0,966,28,28,0,0,30707,19,19993,0,9650,0,0,2349951788,0,0,0,0,0,0
2015-11-06,0,19,0,0,1131,28,28,0,0,30869,19,20016,0,9650,0,0,2645548154,0,0,0,0,0,0
2015-11-07,0,20,0,0,1301,28,28,0,0,31034,20,20041,0,9650,0,0,1597745259,0,0,0,0,0,0
2015-11-08,0,19,0,0,748,28,28,0,0,31182,18,20065,0,9650,0,0,1925684422,0,0,0,0,0,0
2015-11-09,0,19,0,0,913,28,28,0,0,31347,18,20088,0,9650,0,0,2224788994,0,0,0,0,0,0
2015-11-10,0,19,0,0,1076,28,28,0,0,31508,18,20113,0,9650,0,0,2506740263,0,0,0,0,0,0
2015-11-11,0,19,0,0,1229,28,28,0,0,31654,19,20137,0,9650,0,0,1444279008,0,0,0,0,0,0
2015-11-12,0,19,0,0,1383,28,28,0,0,31806,18,20160,0,9650,0,0,1750423185,0,0,0,0,0,0
2015-11-13,0,19,0,0,838,28,28,0,0,31968,18,20185,0,9650,0,0,2069177458,0,0,0,0,0,0
2015-11-14,0,19,0,0,994,28,28,0,0,32122,18,20209,0,9650,0,0,2358158990,0,0,0,0,0,0
2015-11-15,0,19,0,0,1155,28,28,0,0,32277,19,20232,0,9650,0,0,2690315930,0,0,0,0,0,0
2015-11-16,0,19,0,0,1328,28,28,0,0,32447,19,20257,0,9650,0,0,1639243894,0,0,0,0,0,0
2015-11-17,0,20,0,0,779,28,28,0,0,32604,20,20281,0,9650,0,0,1962874062,0,0,0,0,0,0
2015-11-18,0,20,0,0,936,28,28,0,0,32756,20,20305,0,9650,0,0,2286787032,0,0,0,0,0,0
2015-11-19,0,20,0,0,1096,28,28,0,0,32911,20,20329,0,9650,0,0,2631238041,0,0,0,0,0,0
2015-11-20,0,22,0,0,1246,28,28,0,0,33060,21,20353,0,9650,0,0,1568863447,0,0,0,0,0,0
2015-11-21,0,21,0,0,1411,28,28,0,0,33218,19,20377,0,9650,0,0,1763506563,0,0,0,0,0,0
2015-11-22,0,20,0,0,844,28,28,0,0,33371,20,20400,0,9650,0,0,1938548604,0,0,0,0,0,0
2015-11-23,0,20,0,0,1008,28,28,0,0,33530,20,20425,0,9650,0,0,2223846203,0,0,0,0,0,0
2015-11-24,0,22,0,0,1167,28,28,0,0,33684,21,20449,0,9650,0,0,2534531224,0,0,0,0,0,0
2015-11-25,0,20,0,0,1324,28,28,0,0,33835,20,20472,0,9650,0,0,1479357480,0,0,0,0,0,0
2015-11-26,0,20,0,0,746,28,28,0,0,33993,20,20497,0,9650,0,0,1814369968,0,0,0,0,0,0
2015-11-27,0,20,0,0,907,28,28,0,0,34150,20,20521,0,9650,0,0,2138033115,0,0,0,0,0,0
2015-11-28,0,20,0,0,1071,28,28,0,0,34307,20,20544,0,9650,0,0,2465522862,0,0,0,0,0,0
2015-11-29,0,20,0,0,1238,28,28,0,0,34469,20,20569,0,9650,0,0,1443946697,0,1,0,0,0,0
2015-11-30,0,20,0,0,1387,28,28,0,0,34617,19,20593,0,9650,0,0,1736020719,0,1,0,0,0,0
2015-12-01,0,18,0,0,827,28,28,0,0,34776,18,20617,0,9650,0,0,1906106567,0,1,0,0,0,0
2015-12-02,0,19,0,0,985,28,28,0,0,34931,18,20640,0,9650,0,0,2172690493,0,1,0,0,0,0
2015-12-03,0,19,0,0,1147,28,28,0,0,35089,19,20665,0,9650,0,0,2423239383,0,1,0,0,0,0
2015-12-04,0,19,0,0,1302,28,28,0,0,35241,19,20689,0,9650,0,0,2655270643,0,1,0,0,0,0
2015-12-05,0,18,0,0,1387,28,28,0,0,35324,19,20712,0,9650,0,0,1530185332,0,1,0,0,0,0
2015-12-06,0,19,0,0,1407,28,28,0,0,35343,19,20737,0,9650,0,0,1604890944,0,1,0,0,0,0
2015-12-07,0,19,0,0,1429,28,28,0,0,35364,18,20761,0,9650,0,0,1674524594,0,1,0,0,0,0
2015-12-08,0,19,0,0,727,28,28,0,0,35384,19,20784,0,9650,0,0,1740581653,0,1,0,0,0,0
2015-12-09,0,20,0,0,748,28,28,0,0,35404,19,20809,0,9650,0,0,1804412521,0,1,0,0,0,0
2015-12-10,0,21,0,0,769,28,28,0,0,35425,20,20833,0,9650,0,0,1877835533,0,1,0,0,0,0
2015-12-11,0,20,0,0,789,28,28,0,0,35445,20,20856,0,9650,0,0,1937080336,0,1,0,0,0,0
2015-12-12,0,19,0,0,808,28,28,0,0,35464,19,20881,0,9650,0,0,1989903514,0,1,0,0,0,0
2015-12-13,0,19,0,0,829,28,28,0,0,35483,18,20905,0,9650,0,0,2044075111,0,1,0,0,0,0
2015-12-14,0,19,0,0,848,28,28,0,0,35502,18,20928,0,9650,0,0,2078213161,0,1,0,0,0,0
2015-12-15,0,18,0,0,868,28,28,0,0,35522,18,20952,0,9650,0,0,2091908628,0,1,0,0,0,0
2015-12-16,0,19,0,0,887,28,28,0,0,35541,18,20977,0,9650,0,0,2139111193,0,1,0,0,0,0
2015-12-17,0,18,0,0,909,28,28,0,0,35563,18,21001,0,9650,0,0,2228994528,0,1,0,0,0,0
2015-12-18,0,19,0,0,927,28,28,0,0,35580,18,21024,0,9650,0,0,2305567115,0,1,0,0,0,0
2015-12-19,0,18,0,0,948,28,28,0,0,35600,18,21049,0,9650,0,0,2375910995,0,1,0,0,0,0
2015-12-20,0,20,0,0,966,28,28,0,0,35618,18,21073,0,9650,0,0,2432559826,0,1,0,0,0,0
2015-12-21,0,19,0,0,985,28,28,0,0,35637,18,21096,0,9650,0,0,2458789548,0,1,0,0,0,0
2015-12-22,0,19,0,0,1004,28,28,0,0,35656,18,21121,0,9650,0,0,1240756420,0,1,0,0,0,0
2015-12-23,0,19,0,0,1024,28,28,0,0,35676,18,21145,0,9650,0,0,1263308435,0,1,0,0,0,0
2015-12-24,0,19,0,0,1044,28,28,0,0,35696,18,21168,0,9650,0,0,1293772422,0,1,0,0,0,0
2015-12-25,0,18,0,0,1065,28,28,0,0,35716,18,21193,0,9650,0,0,1342816766,0,1,0,0,0,0
2015-12-26,0,19,0,0,1087,28,28,0,0,35738,18,21217,0,9650,0,0,1389035284,0,1,0,0,0,0
2015-12-27,0,19,0,0,1107,28,28,0,0,35758,19,21241,0,9650,0,0,1422354738,0,1,0,0,0,0
2015-12-28,0,19,0,0,1128,28,28,0,0,35779,18,21265,0,9650,0,0,1463570963,0,1,0,0,0,0
2015-12-29,0,19,0,0,1148,28,28,0,0,35799,19,21289,0,9650,0,0,1503832939,0,1,0,0,0,0
2015-12-30,0,18,0,0,1170,28,28,0,0,35821,18,21313,0,9650,0,0,1542740819,0,1,0,0,0,0
2015-12-31,0,18,0,0,1190,28,28,0,0,35841,18,21336,0,9650,0,0,1577915173,0,1,0,0,0,0
2016-01-01,0,18,0,0,1210,28,28,0,0,35861,18,21361,0,9650,0,0,1601084894,0,1,0,0,0,0
2016-01-02,0,18,0,0,1230,28,28,0,0,35881,18,21385,0,9650,0,0,1615392823,0,1,0,0,0,0
2016-01-03,0,18,0,0,1247,28,28,0,0,35898,18,21408,0,9650,0,0,1622222200,0,1,0,0,0,0
2016-01-04,0,18,0,0,634,28,28,0,0,35918,18,21433,0,9650,0,0,1628059209,0,1,0,0,0,0
2016-01-05,0,19,0,0,646,28,28,0,0,35930,19,21448,0,9650,0,0,1630958936,0,1,0,0,0,0
