date,failure,Smart 194: Temperature_Celsius (Raw Value),Smart 1: Raw_Read_Error_Rate (Raw Value),Smart 12: Power_Cycle_Count (Raw Value),Smart 4: Start_Stop_Count (Raw Value),Smart 10: Spin_Retry_Count (Raw Value),Smart 192: Power-Off_Retract_Count (Raw Value),Smart 9: Power_On_Hours (Raw Value),Smart 7: Seek_Error_Rate (Raw Value),Smart 193: Load_Cycle_Count (Raw Value),Smart 3: Spin_Up_Time (Raw Value),Smart 11: Calibration_Retry_Count (Raw Value),Smart 200: Multi_Zone_Error_Rate (Raw Value),Smart 5: Reallocated_Sector_Ct (Raw Value),Smart 197: Current_Pending_Sector (Raw Value),Smart 198: Offline_Uncorrectable (Raw Value),Smart 199: UDMA_CRC_Error_Count (Raw Value),Smart 196: Reallocated_Event_Count (Raw Value),op_fail_30,op_fail_15,op_fail_1
2013-12-05,0,20,0,,,,,13,,,,,,0,0,,,,False,False,False
2013-12-06,0,19,0,,,,,37,,,,,,0,0,,,,False,False,False
2013-12-07,0,19,0,,,,,61,,,,,,0,0,,,,False,False,False
2013-12-08,0,19,0,,,,,85,,,,,,0,0,,,,False,False,False
2013-12-09,0,19,0,,,,,108,,,,,,0,0,,,,False,False,False
2013-12-10,0,18,0,,,,,132,,,,,,0,0,,,,False,False,False
2013-12-11,0,19,0,,,,,156,,,,,,0,0,,,,False,False,False
2013-12-12,0,19,0,,,,,180,,,,,,0,0,,,,False,False,False
2013-12-13,0,19,0,,,,,204,,,,,,0,0,,,,False,False,False
2013-12-14,0,19,1,,,,,228,,,,,,0,0,,,,False,False,False
2013-12-15,0,19,1,,,,,252,,,,,,0,0,,,,False,False,False
2013-12-16,0,19,1,,,,,276,,,,,,0,0,,,,False,False,False
2013-12-17,0,19,1,,,,,300,,,,,,0,0,,,,False,False,False
2013-12-18,0,20,1,,,,,324,,,,,,0,0,,,,False,False,False
2013-12-19,0,19,5,,,,,348,,,,,,0,0,,,,False,False,False
2013-12-20,0,19,5,,,,,372,,,,,,0,0,,,,False,False,False
2013-12-21,0,19,5,,,,,396,,,,,,0,0,,,,False,False,False
2013-12-22,0,19,5,,,,,420,,,,,,0,0,,,,False,False,False
2013-12-23,0,19,5,,,,,444,,,,,,0,0,,,,False,False,False
2013-12-24,0,18,5,,,,,468,,,,,,0,0,,,,False,False,False
2013-12-25,0,18,5,,,,,492,,,,,,0,0,,,,False,False,False
2013-12-26,0,18,5,,,,,516,,,,,,0,0,,,,False,False,False
2013-12-27,0,18,5,,,,,540,,,,,,0,0,,,,False,False,False
2013-12-28,0,18,5,,,,,564,,,,,,0,0,,,,False,False,False
2013-12-29,0,18,5,,,,,588,,,,,,0,0,,,,False,False,False
2013-12-30,0,18,5,,,,,612,,,,,,0,0,,,,False,False,False
2013-12-31,0,18,5,,,,,635,,,,,,0,0,,,,False,False,False
2014-01-01,0,19,5,,,,,660,,,,,,0,0,,,,False,False,False
2014-01-02,0,19,5,,,,,683,,,,,,0,0,,,,False,False,False
2014-01-03,0,18,5,,,,,708,,,,,,0,0,,,,False,False,False
2014-01-04,0,18,5,,,,,731,,,,,,0,0,,,,False,False,False
2014-01-05,0,18,5,,,,,755,,,,,,0,0,,,,False,False,False
2014-01-06,0,19,5,,,,,779,,,,,,0,0,,,,False,False,False
2014-01-07,0,18,5,,,,,803,,,,,,0,0,,,,False,False,False
2014-01-08,0,19,5,,,,,827,,,,,,0,0,,,,False,False,False
2014-01-09,0,18,5,,,,,851,,,,,,0,0,,,,False,False,False
2014-01-10,0,19,5,,,,,875,,,,,,0,0,,,,False,False,False
2014-01-11,0,19,5,,,,,899,,,,,,0,0,,,,False,False,False
2014-01-12,0,19,5,,,,,923,,,,,,0,0,,,,False,False,False
2014-01-13,0,19,5,,,,,947,,,,,,0,0,,,,False,False,False
2014-01-14,0,18,5,,,,,971,,,,,,0,0,,,,False,False,False
2014-01-15,0,19,5,,,,,995,,,,,,0,0,,,,False,False,False
2014-01-16,0,19,5,,,,,1019,,,,,,0,0,,,,False,False,False
2014-01-17,0,19,5,,,,,1043,,,,,,0,0,,,,False,False,False
2014-01-18,0,19,5,,,,,1067,,,,,,0,0,,,,False,False,False
2014-01-19,0,19,5,,,,,1091,,,,,,0,0,,,,False,False,False
2014-01-20,0,19,5,,,,,1115,,,,,,0,0,,,,False,False,False
2014-01-21,0,18,5,,,,,1139,,,,,,0,0,,,,False,False,False
2014-01-22,0,18,5,,,,,1163,,,,,,0,0,,,,False,False,False
2014-01-23,0,18,5,,,,,1187,,,,,,0,0,,,,False,False,False
2014-01-24,0,19,5,,,,,1211,,,,,,0,0,,,,False,False,False
2014-01-25,0,19,5,,,,,1235,,,,,,0,0,,,,False,False,False
2014-01-26,0,19,5,,,,,1259,,,,,,0,0,,,,False,False,False
2014-01-27,0,19,5,,,,,1283,,,,,,0,0,,,,False,False,False
2014-01-28,0,18,5,,,,,1307,,,,,,0,0,,,,False,False,False
2014-01-29,0,19,5,,,,,1331,,,,,,0,0,,,,False,False,False
2014-01-30,0,19,5,,,,,1355,,,,,,0,0,,,,False,False,False
2014-01-31,0,19,5,,,,,1379,,,,,,0,0,,,,False,False,False
2014-02-01,0,19,5,,,,,1403,,,,,,0,0,,,,False,False,False
2014-02-02,0,19,5,,,,,1427,,,,,,0,0,,,,False,False,False
2014-02-03,0,19,5,,,,,1451,,,,,,0,0,,,,False,False,False
2014-02-04,0,18,5,,,,,1475,,,,,,0,0,,,,False,False,False
2014-02-05,0,19,5,,,,,1499,,,,,,0,0,,,,False,False,False
2014-02-06,0,19,5,,,,,1521,,,,,,0,0,,,,False,False,False
2014-02-07,0,18,5,,,,,1545,,,,,,0,0,,,,False,False,False
2014-02-08,0,19,5,,,,,1569,,,,,,0,0,,,,False,False,False
2014-02-09,0,19,5,,,,,1593,,,,,,0,0,,,,False,False,False
2014-02-10,0,18,5,,,,,1617,,,,,,0,0,,,,False,False,False
2014-02-11,0,18,5,,,,,1641,,,,,,0,0,,,,False,False,False
2014-02-12,0,19,5,,,,,1665,,,,,,0,0,,,,False,False,False
2014-02-13,0,19,5,,,,,1689,,,,,,0,0,,,,False,False,False
2014-02-14,0,18,5,6,6,0,1,1713,0,139282,6075,0,0,0,0,0,0,0,False,False,False
2014-02-15,0,19,5,6,6,0,1,1737,0,140977,6075,0,0,0,0,0,0,0,False,False,False
2014-02-16,0,19,5,6,6,0,1,1761,0,140989,6075,0,0,0,0,0,0,0,False,False,False
2014-02-17,0,19,5,6,6,0,1,1784,0,140993,6075,0,0,0,0,0,0,0,False,False,False
2014-02-18,0,19,8,6,6,0,1,1809,0,140996,6075,0,0,0,0,0,0,0,False,False,False
2014-02-19,0,19,8,6,6,0,1,1833,0,140999,6075,0,0,0,0,0,0,0,False,False,False
2014-02-20,0,19,8,6,6,0,1,1856,0,141000,6075,0,0,0,0,0,0,0,False,False,False
2014-02-21,0,19,11,6,6,0,1,1881,0,141028,6075,0,0,0,0,0,0,0,False,False,False
2014-02-22,0,19,11,6,6,0,1,1905,0,141029,6075,0,0,0,0,0,0,0,False,False,False
2014-02-23,0,19,11,6,6,0,1,1928,0,141031,6075,0,0,0,0,0,0,0,False,False,False
2014-02-24,0,19,11,6,6,0,1,1953,0,141041,6075,0,0,0,0,0,0,0,False,False,False
2014-02-25,0,19,11,6,6,0,1,1977,0,141183,6075,0,0,0,0,0,0,0,False,False,False
2014-02-26,0,19,11,6,6,0,1,2000,0,141186,6075,0,0,0,0,0,0,0,False,False,False
2014-02-27,0,19,11,6,6,0,1,2024,0,141188,6075,0,0,0,0,0,0,0,False,False,False
2014-02-28,0,19,11,6,6,0,1,2049,0,141224,6075,0,0,0,0,0,0,0,False,False,False
2014-03-01,0,19,11,6,6,0,1,2072,0,141225,6075,0,0,0,0,0,0,0,False,False,False
2014-03-02,0,19,11,6,6,0,1,2096,0,141230,6075,0,0,0,0,0,0,0,False,False,False
2014-03-03,0,19,11,6,6,0,1,2121,0,141254,6075,0,0,0,0,0,0,0,False,False,False
2014-03-04,0,19,11,6,6,0,1,2144,0,141262,6075,0,0,0,0,0,0,0,False,False,False
2014-03-05,0,19,11,6,6,0,1,2168,0,141264,6075,0,0,0,0,0,0,0,False,False,False
2014-03-06,0,19,11,6,6,0,1,2193,0,141265,6075,0,0,0,0,0,0,0,False,False,False
2014-03-07,0,18,11,6,6,0,1,2216,0,142332,6075,0,0,0,0,0,0,0,False,False,False
2014-03-08,0,18,11,6,6,0,1,2240,0,144529,6075,0,0,0,0,0,0,0,False,False,False
2014-03-09,0,18,11,6,6,0,1,2264,0,146602,6075,0,0,0,0,0,0,0,False,False,False
2014-03-10,0,18,11,6,6,0,1,2288,0,148685,6075,0,0,0,0,0,0,0,False,False,False
2014-03-11,0,18,11,6,6,0,1,2311,0,150686,6075,0,0,0,0,0,0,0,False,False,False
2014-03-12,0,18,11,8,8,0,1,2335,0,152632,6075,0,0,0,0,0,0,0,False,False,False
2014-03-13,0,18,11,8,8,0,1,2359,0,154746,6075,0,0,0,0,0,0,0,False,False,False
2014-03-14,0,18,11,8,8,0,1,2383,0,156804,6075,0,0,0,0,0,0,0,False,False,False
2014-03-15,0,18,11,9,9,0,1,2407,0,158898,6075,0,0,0,0,0,0,0,False,False,False
2014-03-16,0,18,11,9,9,0,1,2431,0,160986,6075,0,0,0,0,0,0,0,False,False,False
2014-03-17,0,18,11,9,9,0,1,2454,0,163050,6075,0,0,0,0,0,0,0,False,False,False
2014-03-18,0,19,11,9,9,0,1,2479,0,163744,6075,0,0,0,0,0,0,0,False,False,False
2014-03-19,0,19,11,9,9,0,1,2503,0,163744,6075,0,0,0,0,0,0,0,False,False,False
2014-03-20,0,19,11,9,9,0,1,2526,0,163749,6075,0,0,0,0,0,0,0,False,False,False
2014-03-21,0,19,11,10,10,0,1,2550,0,163819,6075,0,0,0,0,0,0,0,False,False,False
2014-03-22,0,19,11,10,10,0,1,2574,0,163821,6075,0,0,0,0,0,0,0,False,False,False
2014-03-23,0,26,11,10,10,0,1,2598,0,163821,6075,0,0,0,0,0,0,0,False,False,False
2014-03-24,0,19,11,10,10,0,1,2622,0,163821,6075,0,0,0,0,0,0,0,False,False,False
2014-03-25,0,19,11,10,10,0,1,2646,0,163821,6075,0,0,0,0,0,0,0,False,False,False
2014-03-26,0,20,11,10,10,0,1,2670,0,163823,6075,0,0,0,0,0,0,0,False,False,False
2014-03-27,0,20,11,10,10,0,1,2694,0,163855,6075,0,0,0,0,0,0,0,False,False,False
2014-03-28,0,20,11,10,10,0,1,2718,0,163856,6075,0,0,0,0,0,0,0,False,False,False
2014-03-29,0,20,11,10,10,0,1,2742,0,163858,6075,0,0,0,0,0,0,0,False,False,False
2014-03-30,0,20,11,10,10,0,1,2766,0,163861,6075,0,0,0,0,0,0,0,False,False,False
2014-03-31,0,20,11,10,10,0,1,2790,0,163862,6075,0,0,0,0,0,0,0,False,False,False
2014-04-01,0,19,11,10,10,0,1,2814,0,163863,6075,0,0,0,0,0,0,0,False,False,False
2014-04-02,0,19,11,10,10,0,1,2838,0,163864,6075,0,0,0,0,0,0,0,False,False,False
2014-04-03,0,20,11,10,10,0,1,2862,0,163865,6075,0,0,0,0,0,0,0,False,False,False
2014-04-04,0,20,11,10,10,0,1,2886,0,163889,6075,0,0,0,0,0,0,0,False,False,False
2014-04-05,0,20,11,10,10,0,1,2910,0,163901,6075,0,0,0,0,0,0,0,False,False,False
2014-04-06,0,20,11,10,10,0,1,2934,0,163904,6075,0,0,0,0,0,0,0,False,False,False
2014-04-07,0,20,11,10,10,0,1,2958,0,163904,6075,0,0,0,0,0,0,0,False,False,False
2014-04-08,0,19,11,10,10,0,1,2982,0,163904,6075,0,0,0,0,0,0,0,False,False,False
2014-04-09,0,19,11,10,10,0,1,3006,0,163915,6075,0,0,0,0,0,0,0,False,False,False
2014-04-10,0,20,11,10,10,0,1,3030,0,163917,6075,0,0,0,0,0,0,0,False,False,False
2014-04-11,0,20,11,10,10,0,1,3054,0,164001,6075,0,0,0,0,0,0,0,False,False,False
2014-04-12,0,20,11,10,10,0,1,3078,0,164033,6075,0,0,0,0,0,0,0,False,False,False
2014-04-13,0,20,11,10,10,0,1,3102,0,164033,6075,0,0,0,0,0,0,0,False,False,False
2014-04-14,0,20,11,10,10,0,1,3125,0,164035,6075,0,0,0,0,0,0,0,False,False,False
2014-04-15,0,20,11,10,10,0,1,3150,0,164038,6075,0,0,0,0,0,0,0,False,False,False
2014-04-16,0,20,11,10,10,0,1,3173,0,164039,6075,0,0,0,0,0,0,0,False,False,False
2014-04-17,0,19,11,10,10,0,1,3197,0,164041,6075,0,0,0,0,0,0,0,False,False,False
2014-04-18,0,19,11,10,10,0,1,3222,0,164094,6075,0,0,0,0,0,0,0,False,False,False
2014-04-19,0,19,11,10,10,0,1,3245,0,165180,6075,0,0,0,0,0,0,0,False,False,False
2014-04-20,0,19,11,10,10,0,1,3269,0,167320,6075,0,0,0,0,0,0,0,False,False,False
2014-04-21,0,19,11,10,10,0,1,3293,0,169435,6075,0,0,0,0,0,0,0,False,False,False
2014-04-22,0,18,11,10,10,0,1,3318,0,171549,6075,0,0,0,0,0,0,0,False,False,False
2014-04-23,0,18,11,10,10,0,1,3342,0,173687,6075,0,0,0,0,0,0,0,False,False,False
2014-04-24,0,19,11,10,10,0,1,3365,0,175719,6075,0,0,0,0,0,0,0,False,False,False
2014-04-25,0,20,11,10,10,0,1,3389,0,177833,6075,0,0,0,0,0,0,0,False,False,False
2014-04-26,0,20,11,10,10,0,1,3413,0,179986,6075,0,0,0,0,0,0,0,False,False,False
2014-04-27,0,20,11,10,10,0,1,3438,0,182109,6075,0,0,0,0,0,0,0,False,False,False
2014-04-28,0,19,11,10,10,0,1,3461,0,184146,6075,0,0,0,0,0,0,0,False,False,False
2014-04-29,0,19,11,10,10,0,1,3485,0,186310,6075,0,0,0,0,0,0,0,False,False,False
2014-04-30,0,19,11,10,10,0,1,3509,0,188437,6075,0,0,0,0,0,0,0,False,False,False
2014-05-01,0,20,11,12,12,0,2,3531,0,190329,6050,0,0,0,0,0,0,0,False,False,False
2014-05-02,0,20,11,12,12,0,2,3555,0,192482,6050,0,0,0,0,0,0,0,False,False,False
2014-05-03,0,20,11,12,12,0,2,3580,0,194680,6050,0,0,0,0,0,0,0,False,False,False
2014-05-04,0,19,11,12,12,0,2,3603,0,196788,6050,0,0,0,0,0,0,0,False,False,False
2014-05-05,0,20,11,12,12,0,2,3627,0,198880,6050,0,0,0,0,0,0,0,False,False,False
2014-05-06,0,19,11,12,12,0,2,3652,0,201034,6050,0,0,0,0,0,0,0,False,False,False
2014-05-07,0,19,11,12,12,0,2,3675,0,203118,6050,0,0,0,0,0,0,0,False,False,False
2014-05-08,0,19,11,12,12,0,2,3699,0,205253,6050,0,0,0,0,0,0,0,False,False,False
2014-05-09,0,19,11,12,12,0,2,3723,0,207317,6050,0,0,0,0,0,0,0,False,False,False
2014-05-10,0,20,11,12,12,0,2,3747,0,209451,6050,0,0,0,0,0,0,0,False,False,False
2014-05-11,0,20,11,12,12,0,2,3771,0,211615,6050,0,0,0,0,0,0,0,False,False,False
2014-05-12,0,20,11,12,12,0,2,3795,0,213734,6050,0,0,0,0,0,0,0,False,False,False
2014-05-13,0,20,11,12,12,0,2,3819,0,215908,6050,0,0,0,0,0,0,0,False,False,False
2014-05-14,0,20,11,12,12,0,2,3843,0,218027,6050,0,0,0,0,0,0,0,False,False,False
2014-05-15,0,20,11,12,12,0,2,3867,0,220091,6050,0,0,0,0,0,0,0,False,False,False
2014-05-16,0,20,11,12,12,0,2,3891,0,222232,6050,0,0,0,0,0,0,0,False,False,False
2014-05-17,0,20,11,12,12,0,2,3915,0,224340,6050,0,0,0,0,0,0,0,False,False,False
2014-05-18,0,19,11,12,12,0,2,3939,0,226454,6050,0,0,0,0,0,0,0,False,False,False
2014-05-19,0,19,11,12,12,0,2,3963,0,228609,6050,0,0,0,0,0,0,0,False,False,False
2014-05-20,0,20,11,12,12,0,2,3987,0,230649,6050,0,0,0,0,0,0,0,False,False,False
2014-05-21,0,20,11,12,12,0,2,4011,0,232723,6050,0,0,0,0,0,0,0,False,False,False
2014-05-22,0,20,11,13,13,0,2,4035,0,234847,6050,0,0,0,0,0,0,0,False,False,False
2014-05-23,0,20,11,14,14,0,2,4059,0,236947,6058,0,0,0,0,0,0,0,False,False,False
2014-05-24,0,21,11,14,14,0,2,4083,0,239064,6058,0,0,0,0,0,0,0,False,False,False
2014-05-25,0,21,11,14,14,0,2,4107,0,240116,6058,0,0,0,0,0,0,0,False,False,False
2014-05-26,0,21,11,14,14,0,2,4130,0,240116,6058,0,0,0,0,0,0,0,False,False,False
2014-05-27,0,21,11,14,14,0,2,4155,0,240118,6058,0,0,0,0,0,0,0,False,False,False
2014-05-28,0,20,11,14,14,0,2,4179,0,241485,6058,0,0,0,0,0,0,0,False,False,False
2014-05-29,0,21,11,14,14,0,2,4202,0,243592,6058,0,0,0,0,0,0,0,False,False,False
2014-05-30,0,21,11,14,14,0,2,4227,0,245753,6058,0,0,0,0,0,0,0,False,False,False
2014-05-31,0,21,11,14,14,0,2,4251,0,247867,6058,0,0,0,0,0,0,0,False,False,False
2014-06-01,0,21,11,14,14,0,2,4274,0,249975,6058,0,0,0,0,0,0,0,False,False,False
2014-06-02,0,21,11,14,14,0,2,4298,0,252048,6058,0,0,0,0,0,0,0,False,False,False
2014-06-03,0,21,11,14,14,0,2,4323,0,254237,6058,0,0,0,0,0,0,0,False,False,False
2014-06-04,0,23,11,14,14,0,2,4346,0,256357,6058,0,0,0,0,0,0,0,False,False,False
2014-06-05,0,23,11,14,14,0,2,4371,0,258555,6058,0,0,0,0,0,0,0,False,False,False
2014-06-06,0,23,11,14,14,0,2,4395,0,260621,6058,0,0,0,0,0,0,0,False,False,False
2014-06-07,0,23,11,14,14,0,2,4418,0,262757,6058,0,0,0,0,0,0,0,False,False,False
2014-06-08,0,23,11,14,14,0,2,4442,0,264900,6058,0,0,0,0,0,0,0,False,False,False
2014-06-09,0,23,11,14,14,0,2,4467,0,267048,6058,0,0,0,0,0,0,0,False,False,False
2014-06-10,0,23,11,14,14,0,2,4490,0,269103,6058,0,0,0,0,0,0,0,False,False,False
2014-06-11,0,23,11,14,14,0,2,4514,0,271262,6058,0,0,0,0,0,0,0,False,False,False
2014-06-12,0,22,11,14,14,0,2,4538,0,273384,6058,0,0,0,0,0,0,0,False,False,False
2014-06-13,0,24,11,15,15,0,2,4562,0,275494,6066,0,0,0,0,0,0,0,False,False,False
2014-06-14,0,24,11,16,16,0,2,4586,0,277619,6058,0,0,0,0,0,0,0,False,False,False
2014-06-15,0,24,11,16,16,0,2,4610,0,279789,6058,0,0,0,0,0,0,0,False,False,False
2014-06-16,0,22,11,16,16,0,2,4634,0,281871,6058,0,0,0,0,0,0,0,False,False,False
2014-06-17,0,23,11,16,16,0,2,4658,0,283434,6058,0,0,0,0,0,0,0,False,False,False
2014-06-18,0,25,11,16,16,0,2,4682,0,283452,6058,0,0,0,0,0,0,0,False,False,False
2014-06-19,0,25,11,16,16,0,2,4706,0,283464,6058,0,0,0,0,0,0,0,False,False,False
2014-06-20,0,24,11,16,16,0,2,4730,0,283482,6058,0,0,0,0,0,0,0,False,False,False
2014-06-21,0,24,11,16,16,0,2,4754,0,283492,6058,0,0,0,0,0,0,0,False,False,False
2014-06-22,0,25,11,16,16,0,2,4778,0,283499,6058,0,0,0,0,0,0,0,False,False,False
2014-06-23,0,24,11,16,16,0,2,4802,0,283807,6058,0,0,0,0,0,0,0,False,False,False
2014-06-24,0,25,11,16,16,0,2,4826,0,284360,6058,0,0,0,0,0,0,0,False,False,False
2014-06-25,0,23,11,16,16,0,2,4850,0,285970,6058,0,0,0,0,0,0,0,False,False,False
2014-06-26,0,22,11,18,18,0,2,4874,0,288039,6041,0,0,0,0,0,0,0,False,False,False
2014-06-27,0,22,11,18,18,0,2,4897,0,290122,6041,0,0,0,0,0,0,0,False,False,False
2014-06-28,0,22,11,18,18,0,2,4921,0,292155,6041,0,0,0,0,0,0,0,False,False,False
2014-06-29,0,22,11,18,18,0,2,4946,0,294317,6041,0,0,0,0,0,0,0,False,False,False
2014-06-30,0,22,11,18,18,0,2,4969,0,296326,6041,0,0,0,0,0,0,0,False,False,False
2014-07-01,0,22,11,18,18,0,2,4994,0,298468,6041,0,0,0,0,0,0,0,False,False,False
2014-07-02,0,22,11,18,18,0,2,5018,0,300599,6041,0,0,0,0,0,0,0,False,False,False
2014-07-03,0,23,11,18,18,0,2,5041,0,301828,6041,0,0,0,0,0,0,0,False,False,False
2014-07-04,0,23,11,18,18,0,2,5065,0,301846,6041,0,0,0,0,0,0,0,False,False,False
2014-07-05,0,23,11,18,18,0,2,5090,0,301865,6041,0,0,0,0,0,0,0,False,False,False
2014-07-06,0,23,11,18,18,0,2,5113,0,301877,6041,0,0,0,0,0,0,0,False,False,False
2014-07-07,0,23,11,18,18,0,2,5137,0,301885,6041,0,0,0,0,0,0,0,False,False,False
2014-07-08,0,23,11,18,18,0,2,5162,0,301891,6041,0,0,0,0,0,0,0,False,False,False
2014-07-09,0,24,11,18,18,0,2,5185,0,301906,6041,0,0,0,0,0,0,0,False,False,False
2014-07-10,0,23,11,18,18,0,2,5209,0,301931,6041,0,0,0,0,0,0,0,False,False,False
2014-07-11,0,23,11,18,18,0,2,5234,0,301942,6041,0,0,0,0,0,0,0,False,False,False
2014-07-12,0,23,11,18,18,0,2,5257,0,301956,6041,0,0,0,0,0,0,0,False,False,False
2014-07-13,0,23,11,18,18,0,2,5281,0,301963,6041,0,0,0,0,0,0,0,False,False,False
2014-07-14,0,23,11,18,18,0,2,5305,0,301973,6041,0,0,0,0,0,0,0,False,False,False
2014-07-15,0,22,11,18,18,0,2,5329,0,302039,6041,0,0,0,0,0,0,0,False,False,False
2014-07-16,0,22,11,18,18,0,2,5353,0,302119,6041,0,0,0,0,0,0,0,False,False,False
2014-07-17,0,22,11,18,18,0,2,5377,0,302140,6041,0,0,0,0,0,0,0,False,False,False
2014-07-18,0,22,11,18,18,0,2,5401,0,302162,6041,0,0,0,0,0,0,0,False,False,False
2014-07-19,0,25,11,18,18,0,2,5425,0,302185,6041,0,0,0,0,0,0,0,False,False,False
2014-07-20,0,25,11,18,18,0,2,5449,0,302193,6041,0,0,0,0,0,0,0,False,False,False
2014-07-21,0,25,11,18,18,0,2,5473,0,302204,6041,0,0,0,0,0,0,0,False,False,False
2014-07-22,0,24,11,18,18,0,2,5497,0,302217,6041,0,0,0,0,0,0,0,False,False,False
2014-07-23,0,25,11,18,18,0,2,5521,0,303276,6041,0,0,0,0,0,0,0,False,False,False
2014-07-24,0,25,11,18,18,0,2,5544,0,303287,6041,0,0,0,0,0,0,0,False,False,False
2014-07-25,0,25,11,18,18,0,2,5569,0,303323,6041,0,0,0,0,0,0,0,False,False,False
2014-07-26,0,25,11,18,18,0,2,5593,0,303333,6041,0,0,0,0,0,0,0,False,False,False
2014-07-27,0,25,11,18,18,0,2,5616,0,303340,6041,0,0,0,0,0,0,0,False,False,False
2014-07-28,0,25,11,18,18,0,2,5641,0,303370,6041,0,0,0,0,0,0,0,False,False,False
2014-07-29,0,25,11,18,18,0,2,5665,0,303383,6041,0,0,0,0,0,0,0,False,False,False
2014-07-30,0,24,11,18,18,0,2,5688,0,303390,6041,0,0,0,0,0,0,0,False,False,False
2014-07-31,0,23,11,18,18,0,2,5713,0,303567,6041,0,0,0,0,0,0,0,False,False,False
2014-08-01,0,23,11,18,18,0,2,5737,0,305806,6041,0,0,0,0,0,0,0,False,False,False
2014-08-02,0,23,11,18,18,0,2,5761,0,307833,6041,0,0,0,0,0,0,0,False,False,False
2014-08-03,0,23,11,18,18,0,2,5785,0,309947,6041,0,0,0,0,0,0,0,False,False,False
2014-08-04,0,22,11,18,18,0,2,5809,0,312066,6041,0,0,0,0,0,0,0,False,False,False
2014-08-05,0,23,11,20,20,0,2,5832,0,313359,6025,0,0,0,0,0,0,0,False,False,False
2014-08-06,0,22,11,20,20,0,2,5856,0,313531,6025,0,0,0,0,0,0,0,False,False,False
2014-08-07,0,23,11,20,20,0,2,5880,0,315601,6025,0,0,0,0,0,0,0,False,False,False
2014-08-08,0,23,11,20,20,0,2,5904,0,317769,6025,0,0,0,0,0,0,0,False,False,False
2014-08-09,0,23,11,20,20,0,2,5928,0,319821,6025,0,0,0,0,0,0,0,False,False,False
2014-08-10,0,25,11,20,20,0,2,5953,0,321943,6025,0,0,0,0,0,0,0,False,False,False
2014-08-11,0,25,11,20,20,0,2,5977,0,324004,6025,0,0,0,0,0,0,0,False,False,False
2014-08-12,0,24,11,21,21,0,2,6000,0,326114,6008,0,0,0,0,0,0,0,False,False,False
2014-08-13,0,22,11,21,21,0,2,6024,0,328190,6008,0,0,0,0,0,0,0,False,False,False
2014-08-14,0,24,11,21,21,0,2,6048,0,329626,6008,0,0,0,0,0,0,0,False,False,False
2014-08-15,0,24,11,21,21,0,2,6072,0,329627,6008,0,0,0,0,0,0,0,False,False,False
2014-08-16,0,25,11,21,21,0,2,6096,0,329668,6008,0,0,0,0,0,0,0,False,False,False
2014-08-17,0,23,11,21,21,0,2,6120,0,331618,6008,0,0,0,0,0,0,0,False,False,False
2014-08-18,0,24,11,21,21,0,2,6144,0,333664,6008,0,0,0,0,0,0,0,False,False,False
2014-11-15,0,26,11,23,23,0,3,7233,0,397040,6000,0,0,0,0,0,0,0,False,False,False
2014-11-16,0,25,11,23,23,0,3,7256,0,397041,6000,0,0,0,0,0,0,0,False,False,False
2014-11-17,0,25,11,23,23,0,3,7280,0,397042,6000,0,0,0,0,0,0,0,False,False,False
2014-11-18,0,27,11,23,23,0,3,7295,0,397042,6000,0,0,0,0,0,0,0,False,False,False
2014-12-02,0,25,11,23,23,0,3,7640,0,399702,6000,0,0,0,0,0,0,0,False,False,False
2014-12-03,0,25,11,23,23,0,3,7664,0,399702,6000,0,0,0,0,0,0,0,False,False,False
2014-12-04,0,25,11,23,23,0,3,7688,0,399719,6000,0,0,0,0,0,0,0,False,False,False
2014-12-05,0,25,11,23,23,0,3,7712,0,399722,6000,0,0,0,0,0,0,0,False,False,False
2014-12-06,0,25,11,23,23,0,3,7736,0,399722,6000,0,0,0,0,0,0,0,False,False,False
2014-12-07,0,25,11,23,23,0,3,7760,0,399723,6000,0,0,0,0,0,0,0,False,False,False
2014-12-08,0,25,11,23,23,0,3,7784,0,399724,6000,0,0,0,0,0,0,0,False,False,False
2014-12-09,0,26,11,23,23,0,3,7808,0,399724,6000,0,0,0,0,0,0,0,False,False,False
2014-12-10,0,25,11,23,23,0,3,7832,0,399751,6000,0,0,0,0,0,0,0,False,False,False
2014-12-11,0,25,11,23,23,0,3,7856,0,399751,6000,0,0,0,0,0,0,0,False,False,False
2014-12-12,0,25,11,23,23,0,3,7880,0,399788,6000,0,0,0,0,0,0,0,False,False,False
2014-12-13,0,26,11,23,23,0,3,7904,0,399788,6000,0,0,0,0,0,0,0,False,False,False
2014-12-14,0,26,11,23,23,0,3,7928,0,399788,6000,0,0,0,0,0,0,0,False,False,False
2014-12-15,0,26,11,23,23,0,3,7952,0,399789,6000,0,0,0,0,0,0,0,False,False,False
2014-12-16,0,26,11,23,23,0,3,7976,0,399790,6000,0,0,0,0,0,0,0,False,False,False
2014-12-17,0,25,11,24,24,0,3,8000,0,401252,6008,0,0,0,0,0,0,0,False,False,False
2014-12-18,0,25,11,24,24,0,3,8023,0,403679,6008,0,0,0,0,0,0,0,False,False,False
2014-12-19,0,25,11,24,24,0,3,8048,0,406451,6008,0,0,0,0,0,0,0,False,False,False
2014-12-20,0,25,11,24,24,0,3,8072,0,408903,6008,0,0,0,0,0,0,0,False,False,False
2014-12-21,0,27,11,24,24,0,3,8095,0,411367,6008,0,0,0,0,0,0,0,False,False,False
2014-12-22,0,25,11,24,24,0,3,8119,0,413888,6008,0,0,0,0,0,0,0,False,False,False
2014-12-23,0,26,11,24,24,0,3,8144,0,416446,6008,0,0,0,0,0,0,0,False,False,False
2014-12-24,0,25,11,24,24,0,3,8167,0,418788,6008,0,0,0,0,0,0,0,False,False,False
2014-12-25,0,25,11,24,24,0,3,8191,0,421089,6008,0,0,0,0,0,0,0,False,False,False
2014-12-26,0,25,11,24,24,0,3,8216,0,423381,6008,0,0,0,0,0,0,0,False,False,False
2014-12-27,0,25,11,24,24,0,3,8239,0,425706,6008,0,0,0,0,0,0,0,False,False,False
2014-12-28,0,25,11,24,24,0,3,8263,0,427977,6008,0,0,0,0,0,0,0,False,False,False
2014-12-29,0,25,11,24,24,0,3,8288,0,430414,6008,0,0,0,0,0,0,0,False,False,False
2014-12-30,0,25,11,24,24,0,3,8311,0,432875,6008,0,0,0,0,0,0,0,False,False,False
2014-12-31,0,25,11,24,24,0,3,8335,0,435183,6008,0,0,0,0,0,0,0,False,False,False
2015-01-01,0,25,11,24,24,0,3,8360,0,437681,6008,0,0,0,0,0,0,0,False,False,False
2015-01-02,0,26,11,24,24,0,3,8383,0,439996,6008,0,0,0,0,0,0,0,False,False,False
2015-01-03,0,25,11,24,24,0,3,8407,0,442444,6008,0,0,0,0,0,0,0,False,False,False
2015-01-04,0,26,11,24,24,0,3,8432,0,444678,6008,0,0,0,0,0,0,0,False,False,False
2015-01-05,0,26,11,24,24,0,3,8455,0,447046,6008,0,0,0,0,0,0,0,False,False,False
2015-01-06,0,26,11,24,24,0,3,8479,0,449368,6008,0,0,0,0,0,0,0,False,False,False
2015-01-07,0,26,11,24,24,0,3,8503,0,451513,6008,0,0,0,0,0,0,0,False,False,False
2015-01-08,0,25,11,24,24,0,3,8527,0,453941,6008,0,0,0,0,0,0,0,False,False,False
2015-01-09,0,25,11,24,24,0,3,8551,0,456277,6008,0,0,0,0,0,0,0,False,False,False
2015-01-10,0,26,11,24,24,0,3,8575,0,458580,6008,0,0,0,0,0,0,0,False,False,False
2015-01-11,0,25,11,24,24,0,3,8599,0,461147,6008,0,0,0,0,0,0,0,False,False,False
2015-01-12,0,25,11,24,24,0,3,8623,0,463483,6008,0,0,0,0,0,0,0,False,False,False
2015-01-13,0,25,11,24,24,0,3,8647,0,466119,6008,0,0,0,0,0,0,0,False,False,False
2015-01-14,0,25,11,24,24,0,3,8671,0,468394,6008,0,0,0,0,0,0,0,False,False,False
2015-01-15,0,25,11,24,24,0,3,8695,0,470789,6008,0,0,0,0,0,0,0,False,False,False
2015-01-16,0,25,11,24,24,0,3,8719,0,473225,6008,0,0,0,0,0,0,0,False,False,False
2015-01-17,0,25,11,24,24,0,3,8743,0,475568,6008,0,0,0,0,0,0,0,False,False,False
2015-01-18,0,25,11,24,24,0,3,8767,0,478061,6008,0,0,0,0,0,0,0,False,False,False
2015-01-19,0,25,11,24,24,0,3,8791,0,480648,6008,0,0,0,0,0,0,0,False,False,False
2015-01-20,0,26,11,24,24,0,3,8815,0,482154,6008,0,0,0,0,0,0,0,False,False,False
2015-01-21,0,25,11,24,24,0,3,8839,0,482172,6008,0,0,0,0,0,0,0,False,False,False
2015-01-22,0,25,11,24,24,0,3,8863,0,482173,6008,0,0,0,0,0,0,0,False,False,False
2015-01-23,0,25,11,24,24,0,3,8887,0,482214,6008,0,0,0,0,0,0,0,False,False,False
2015-01-24,0,25,11,24,24,0,3,8910,0,482214,6008,0,0,0,0,0,0,0,False,False,False
2015-01-25,0,24,11,24,24,0,3,8935,0,482214,6008,0,0,0,0,0,0,0,False,False,False
2015-01-26,0,26,11,24,24,0,3,8959,0,482214,6008,0,0,0,0,0,0,0,False,False,False
2015-01-27,0,27,11,24,24,0,3,8982,0,482214,6008,0,0,0,0,0,0,0,False,False,False
2015-01-28,0,25,11,24,24,0,3,9007,0,482214,6008,0,0,0,0,0,0,0,False,False,False
2015-01-29,0,25,11,24,24,0,3,9031,0,482214,6008,0,0,0,0,0,0,0,False,False,False
2015-01-30,0,25,11,24,24,0,3,9054,0,482216,6008,0,0,0,0,0,0,0,False,False,False
2015-01-31,0,25,11,24,24,0,3,9079,0,482235,6008,0,0,0,0,0,0,0,False,False,False
2015-02-01,0,25,11,24,24,0,3,9103,0,483112,6008,0,0,0,0,0,0,0,False,False,False
2015-02-02,0,25,11,24,24,0,3,9126,0,485300,6008,0,0,0,0,0,0,0,False,False,False
2015-02-03,0,25,11,25,25,0,3,9150,0,487504,6008,0,0,0,0,0,0,0,False,False,False
2015-02-04,0,25,11,25,25,0,3,9174,0,489756,6008,0,0,0,0,0,0,0,False,False,False
2015-02-05,0,25,11,25,25,0,3,9198,0,492000,6008,0,0,0,0,0,0,0,False,False,False
2015-02-06,0,25,11,25,25,0,3,9222,0,494071,6008,0,0,0,0,0,0,0,False,False,False
2015-02-07,0,25,11,25,25,0,3,9246,0,495175,6008,0,0,0,0,0,0,0,False,False,False
2015-02-08,0,25,11,25,25,0,3,9270,0,495175,6008,0,0,0,0,0,0,0,False,False,False
2015-02-09,0,25,11,25,25,0,3,9294,0,495176,6008,0,0,0,0,0,0,0,False,False,False
2015-02-10,0,26,11,25,25,0,3,9318,0,495176,6008,0,0,0,0,0,0,0,False,False,False
2015-02-11,0,25,11,25,25,0,3,9342,0,495176,6008,0,0,0,0,0,0,0,False,False,False
2015-02-12,0,25,11,25,25,0,3,9366,0,495188,6008,0,0,0,0,0,0,0,False,False,False
2015-02-13,0,25,11,25,25,0,3,9390,0,495188,6008,0,0,0,0,0,0,0,False,False,False
2015-02-14,0,25,11,25,25,0,3,9414,0,495189,6008,0,0,0,0,0,0,0,False,False,False
2015-02-15,0,25,11,25,25,0,3,9438,0,495189,6008,0,0,0,0,0,0,0,False,False,False
2015-02-16,0,25,11,25,25,0,3,9462,0,495189,6008,0,0,0,0,0,0,0,False,False,False
2015-02-17,0,25,11,25,25,0,3,9486,0,495189,6008,0,0,0,0,0,0,0,False,False,False
2015-02-18,0,25,11,25,25,0,3,9510,0,495192,6008,0,0,0,0,0,0,0,False,False,False
2015-02-19,0,25,11,25,25,0,3,9534,0,495211,6008,0,0,0,0,0,0,0,False,False,False
2015-02-20,0,25,11,25,25,0,3,9558,0,495212,6008,0,0,0,0,0,0,0,False,False,False
2015-02-21,0,25,11,25,25,0,3,9582,0,495214,6008,0,0,0,0,0,0,0,False,False,False
2015-02-22,0,25,11,25,25,0,3,9606,0,495214,6008,0,0,0,0,0,0,0,False,False,False
2015-02-23,0,25,11,25,25,0,3,9630,0,495214,6008,0,0,0,0,0,0,0,False,False,False
2015-02-24,0,25,11,25,25,0,3,9654,0,495214,6008,0,0,0,0,0,0,0,False,False,False
2015-02-25,0,25,11,25,25,0,3,9678,0,495255,6008,0,0,0,0,0,0,0,False,False,False
2015-02-26,0,25,11,25,25,0,3,9702,0,495963,6008,0,0,0,0,0,0,0,False,False,False
2015-02-27,0,25,11,25,25,0,3,9725,0,497050,6008,0,0,0,0,0,0,0,False,False,False
2015-02-28,0,25,11,25,25,0,3,9749,0,497060,6008,0,0,0,0,0,0,0,False,False,False
2015-03-01,0,25,11,25,25,0,3,9774,0,497066,6008,0,0,0,0,0,0,0,False,False,False
2015-03-02,0,25,11,25,25,0,3,9797,0,497067,6008,0,0,0,0,0,0,0,False,False,False
2015-03-03,0,25,11,25,25,0,3,9821,0,497067,6008,0,0,0,0,0,0,0,False,False,False
2015-03-04,0,25,11,25,25,0,3,9846,0,497068,6008,0,0,0,0,0,0,0,False,False,False
2015-03-05,0,25,11,25,25,0,3,9869,0,497070,6008,0,0,0,0,0,0,0,False,False,False
2015-03-06,0,25,11,25,25,0,3,9893,0,497070,6008,0,0,0,0,0,0,0,False,False,False
2015-03-07,0,25,11,25,25,0,3,9918,0,497071,6008,0,0,0,0,0,0,0,False,False,False
2015-03-08,0,25,11,25,25,0,3,9941,0,497071,6008,0,0,0,0,0,0,0,False,False,False
2015-03-09,0,25,11,25,25,0,3,9965,0,497072,6008,0,0,0,0,0,0,0,False,False,False
2015-03-10,0,26,11,25,25,0,3,9988,0,497072,6008,0,0,0,0,0,0,0,False,False,False
2015-03-11,0,25,11,25,25,0,3,10013,0,497072,6008,0,0,0,0,0,0,0,False,False,False
2015-03-12,0,25,11,25,25,0,3,10036,0,497072,6008,0,0,0,0,0,0,0,False,False,False
2015-03-13,0,25,11,25,25,0,3,10060,0,497072,6008,0,0,0,0,0,0,0,False,False,False
2015-03-14,0,25,11,25,25,0,3,10084,0,497072,6008,0,0,0,0,0,0,0,False,False,False
2015-03-15,0,25,11,25,25,0,3,10108,0,497072,6008,0,0,0,0,0,0,0,False,False,False
2015-03-16,0,25,11,25,25,0,3,10132,0,497072,6008,0,0,0,0,0,0,0,False,False,False
2015-03-17,0,25,11,25,25,0,3,10156,0,497072,6008,0,0,0,0,0,0,0,False,False,False
2015-03-18,0,25,11,25,25,0,3,10180,0,497072,6008,0,0,0,0,0,0,0,False,False,False
2015-03-19,0,26,11,25,25,0,3,10204,0,497072,6008,0,0,0,0,0,0,0,False,False,False
2015-03-20,0,25,11,25,25,0,3,10228,0,497074,6008,0,0,0,0,0,0,0,False,False,False
2015-03-21,0,25,11,25,25,0,3,10252,0,497074,6008,0,0,0,0,0,0,0,False,False,False
2015-03-22,0,25,11,25,25,0,3,10276,0,497074,6008,0,0,0,0,0,0,0,False,False,False
2015-03-23,0,25,11,25,25,0,3,10300,0,497074,6008,0,0,0,0,0,0,0,False,False,False
2015-03-24,0,25,11,25,25,0,3,10324,0,497074,6008,0,0,0,0,0,0,0,False,False,False
2015-03-25,0,24,11,25,25,0,3,10348,0,497336,6008,0,0,0,0,0,0,0,False,False,False
2015-03-26,0,25,11,28,28,0,4,10371,0,498473,6008,0,0,0,0,0,0,0,False,False,False
2015-03-27,0,26,11,28,28,0,4,10395,0,498519,6008,0,0,0,0,0,0,0,False,False,False
2015-03-28,0,25,11,28,28,0,4,10420,0,498519,6008,0,0,0,0,0,0,0,False,False,False
2015-03-29,0,25,11,28,28,0,4,10444,0,498519,6008,0,0,0,0,0,0,0,False,False,False
2015-03-30,0,25,11,28,28,0,4,10467,0,498522,6008,0,0,0,0,0,0,0,False,False,False
2015-03-31,0,25,11,28,28,0,4,10492,0,498524,6008,0,0,0,0,0,0,0,False,False,False
2015-04-01,0,25,11,28,28,0,4,10516,0,498524,6008,0,0,0,0,0,0,0,False,False,False
2015-04-02,0,25,11,28,28,0,4,10539,0,498524,6008,0,0,0,0,0,0,0,False,False,False
2015-04-03,0,25,11,28,28,0,4,10563,0,498524,6008,0,0,0,0,0,0,0,False,False,False
2015-04-04,0,25,11,28,28,0,4,10588,0,498524,6008,0,0,0,0,0,0,0,False,False,False
2015-04-05,0,25,11,28,28,0,4,10611,0,498524,6008,0,0,0,0,0,0,0,False,False,False
2015-04-06,0,25,11,28,28,0,4,10635,0,498524,6008,0,0,0,0,0,0,0,False,False,False
2015-04-07,0,25,11,28,28,0,4,10660,0,498524,6008,0,0,0,0,0,0,0,False,False,False
2015-04-08,0,26,11,28,28,0,4,10683,0,498524,6008,0,0,0,0,0,0,0,False,False,False
2015-04-09,0,27,11,28,28,0,4,10707,0,498524,6008,0,0,0,0,0,0,0,False,False,False
2015-04-10,0,27,11,28,28,0,4,10732,0,498524,6008,0,0,0,0,0,0,0,False,False,False
2015-04-11,0,25,11,28,28,0,4,10755,0,498524,6008,0,0,0,0,0,0,0,False,False,False
2015-04-12,0,25,11,28,28,0,4,10779,0,498524,6008,0,0,0,0,0,0,0,False,False,False
2015-04-13,0,25,11,28,28,0,4,10803,0,498524,6008,0,0,0,0,0,0,0,False,False,False
2015-04-14,0,25,11,28,28,0,4,10827,0,498524,6008,0,0,0,0,0,0,0,False,False,False
2015-04-15,0,26,11,28,28,0,4,10851,0,498525,6008,0,0,0,0,0,0,0,False,False,False
2015-04-16,0,26,11,28,28,0,4,10875,0,498525,6008,0,0,0,0,0,0,0,False,False,False
2015-04-17,0,26,11,28,28,0,4,10899,0,498526,6008,0,0,0,0,0,0,0,False,False,False
2015-04-18,0,24,11,28,28,0,4,10923,0,498526,6008,0,0,0,0,0,0,0,False,False,False
2015-04-19,0,27,11,28,28,0,4,10947,0,498526,6008,0,0,0,0,0,0,0,False,False,False
2015-04-20,0,27,11,28,28,0,4,10971,0,498526,6008,0,0,0,0,0,0,0,False,False,False
2015-04-21,0,27,11,28,28,0,4,10995,0,498527,6008,0,0,0,0,0,0,0,False,False,False
2015-04-22,0,27,11,28,28,0,4,11019,0,498527,6008,0,0,0,0,0,0,0,False,False,False
2015-04-23,0,27,11,28,28,0,4,11043,0,498528,6008,0,0,0,0,0,0,0,False,False,False
2015-04-24,0,27,11,28,28,0,4,11067,0,498529,6008,0,0,0,0,0,0,0,False,False,False
2015-04-25,0,27,11,28,28,0,4,11091,0,498529,6008,0,0,0,0,0,0,0,False,False,False
2015-04-26,0,27,11,28,28,0,4,11115,0,498529,6008,0,0,0,0,0,0,0,False,False,False
2015-04-27,0,26,11,28,28,0,4,11139,0,498530,6008,0,0,0,0,0,0,0,False,False,False
2015-04-28,0,28,11,28,28,0,4,11163,0,499362,6008,0,0,0,0,0,0,0,False,False,False
2015-04-29,0,28,11,29,29,0,4,11187,0,500749,6016,0,0,0,0,0,0,0,False,False,False
2015-04-30,0,29,11,29,29,0,4,11210,0,500769,6016,0,0,0,0,0,0,0,False,False,False
2015-05-01,0,29,11,29,29,0,4,11235,0,500773,6016,0,0,0,0,0,0,0,False,False,False
2015-05-02,0,29,11,29,29,0,4,11259,0,500773,6016,0,0,0,0,0,0,0,False,False,False
2015-05-03,0,29,11,29,29,0,4,11282,0,500773,6016,0,0,0,0,0,0,0,False,False,False
2015-05-04,0,29,11,29,29,0,4,11307,0,500773,6016,0,0,0,0,0,0,0,False,False,False
2015-05-05,0,29,11,29,29,0,4,11331,0,500812,6016,0,0,0,0,0,0,0,False,False,False
2015-05-06,0,28,11,29,29,0,4,11354,0,500812,6016,0,0,0,0,0,0,0,False,False,False
2015-05-07,0,28,11,29,29,0,4,11378,0,500812,6016,0,0,0,0,0,0,0,False,False,False
2015-05-08,0,29,11,29,29,0,4,11403,0,500812,6016,0,0,0,0,0,0,0,False,False,False
2015-05-09,0,29,11,29,29,0,4,11426,0,500813,6016,0,0,0,0,0,0,0,False,False,False
2015-05-10,0,28,11,29,29,0,4,11450,0,500813,6016,0,0,0,0,0,0,0,False,False,False
2015-05-11,0,28,11,29,29,0,4,11475,0,500813,6016,0,0,0,0,0,0,0,False,False,False
2015-05-12,0,30,11,29,29,0,4,11498,0,500819,6016,0,0,0,0,0,0,0,False,False,False
2015-05-13,0,29,11,29,29,0,4,11522,0,500819,6016,0,0,0,0,0,0,0,False,False,False
2015-05-14,0,29,11,29,29,0,4,11546,0,500819,6016,0,0,0,0,0,0,0,False,False,False
2015-05-15,0,28,11,29,29,0,4,11570,0,500834,6016,0,0,0,0,0,0,0,False,False,False
2015-05-16,0,28,11,29,29,0,4,11594,0,500834,6016,0,0,0,0,0,0,0,False,False,False
2015-05-17,0,28,11,29,29,0,4,11618,0,500834,6016,0,0,0,0,0,0,0,False,False,False
2015-05-18,0,28,11,29,29,0,4,11642,0,500835,6016,0,0,0,0,0,0,0,False,False,False
2015-05-19,0,29,11,29,29,0,4,11666,0,500837,6016,0,0,0,0,0,0,0,False,False,False
2015-05-20,0,28,11,29,29,0,4,11690,0,501040,6016,0,0,0,0,0,0,0,False,False,False
2015-05-21,0,30,11,29,29,0,4,11714,0,501041,6016,0,0,0,0,0,0,0,False,False,False
2015-05-22,0,31,11,29,29,0,4,11738,0,501041,6016,0,0,0,0,0,0,0,False,False,False
2015-05-23,0,32,11,29,29,0,4,11762,0,501041,6016,0,0,0,0,0,0,0,False,False,False
2015-05-24,0,32,11,29,29,0,4,11786,0,501041,6016,0,0,0,0,0,0,0,False,False,False
2015-05-25,0,30,11,29,29,0,4,11810,0,501041,6016,0,0,0,0,0,0,0,False,False,False
2015-05-26,0,31,11,29,29,0,4,11834,0,501041,6016,0,0,0,0,0,0,0,False,False,False
2015-05-27,0,29,11,29,29,0,4,11858,0,501041,6016,0,0,0,0,0,0,0,False,False,False
2015-05-28,0,29,11,29,29,0,4,11882,0,501042,6016,0,0,0,0,0,0,0,False,False,False
2015-05-29,0,29,11,29,29,0,4,11906,0,501042,6016,0,0,0,0,0,0,0,False,False,False
2015-05-30,0,28,11,29,29,0,4,11930,0,501044,6016,0,0,0,0,0,0,0,False,False,False
2015-05-31,0,28,11,29,29,0,4,11954,0,501048,6016,0,0,0,0,0,0,0,False,False,False
2015-06-01,0,28,11,29,29,0,4,11978,0,501049,6016,0,0,0,0,0,0,0,False,False,False
2015-06-02,0,29,11,29,29,0,4,12002,0,501049,6016,0,0,0,0,0,0,0,False,False,False
2015-06-03,0,29,11,29,29,0,4,12026,0,501049,6016,0,0,0,0,0,0,0,False,False,False
2015-06-04,0,29,11,29,29,0,4,12050,0,501049,6016,0,0,0,0,0,0,0,False,False,False
2015-06-05,0,28,11,29,29,0,4,12074,0,501049,6016,0,0,0,0,0,0,0,False,False,False
2015-06-06,0,27,11,29,29,0,4,12098,0,501049,6016,0,0,0,0,0,0,0,False,False,False
2015-06-07,0,27,11,29,29,0,4,12122,0,501049,6016,0,0,0,0,0,0,0,False,False,False
2015-06-08,0,29,11,29,29,0,4,12146,0,501049,6016,0,0,0,0,0,0,0,False,False,False
2015-06-09,0,28,11,29,29,0,4,12169,0,501049,6016,0,0,0,0,0,0,0,False,False,False
2015-06-10,0,29,11,29,29,0,4,12194,0,501049,6016,0,0,0,0,0,0,0,False,False,False
2015-06-11,0,31,11,29,29,0,4,12218,0,501049,6016,0,0,0,0,0,0,0,False,False,False
2015-06-12,0,28,11,29,29,0,4,12241,0,501049,6016,0,0,0,0,0,0,0,False,False,False
2015-06-13,0,28,11,29,29,0,4,12266,0,501049,6016,0,0,0,0,0,0,0,False,False,False
2015-06-14,0,28,11,29,29,0,4,12290,0,501051,6016,0,0,0,0,0,0,0,False,False,False
2015-06-15,0,28,11,29,29,0,4,12313,0,501051,6016,0,0,0,0,0,0,0,False,False,False
2015-06-16,0,28,11,29,29,0,4,12337,0,501052,6016,0,0,0,0,0,0,0,False,False,False
2015-06-17,0,29,11,29,29,0,4,12362,0,501052,6016,0,0,0,0,0,0,0,False,False,False
2015-06-18,0,29,11,29,29,0,4,12385,0,501052,6016,0,0,0,0,0,0,0,False,False,False
2015-06-19,0,29,11,29,29,0,4,12409,0,501052,6016,0,0,0,0,0,0,0,False,False,False
2015-06-20,0,28,11,29,29,0,4,12433,0,501052,6016,0,0,0,0,0,0,0,False,False,False
2015-06-21,0,29,11,29,29,0,4,12457,0,501057,6016,0,0,0,0,0,0,0,False,False,False
2015-06-22,0,28,11,29,29,0,4,12481,0,501057,6016,0,0,0,0,0,0,0,False,False,False
2015-06-23,0,29,11,29,29,0,4,12505,0,501057,6016,0,0,0,0,0,0,0,False,False,False
2015-06-24,0,28,11,29,29,0,4,12529,0,501057,6016,0,0,0,0,0,0,0,False,False,False
2015-06-25,0,29,11,29,29,0,4,12553,0,501067,6016,0,0,0,0,0,0,0,False,False,False
2015-06-26,0,29,11,29,29,0,4,12577,0,501067,6016,0,0,0,0,0,0,0,False,False,False
2015-06-27,0,29,11,29,29,0,4,12601,0,501067,6016,0,0,0,0,0,0,0,False,False,False
2015-06-28,0,29,11,29,29,0,4,12625,0,501068,6016,0,0,0,0,0,0,0,False,False,False
2015-06-29,0,29,11,29,29,0,4,12649,0,501068,6016,0,0,0,0,0,0,0,False,False,False
2015-06-30,0,30,11,29,29,0,4,12673,0,501068,6016,0,0,0,0,0,0,0,False,False,False
2015-07-01,0,30,11,29,29,0,4,12697,0,501068,6016,0,0,0,0,0,0,0,False,False,False
2015-07-02,0,31,11,29,29,0,4,12721,0,501068,6016,0,0,0,0,0,0,0,False,False,False
2015-07-03,0,31,11,29,29,0,4,12745,0,501068,6016,0,0,0,0,0,0,0,False,False,False
2015-07-04,0,31,11,29,29,0,4,12769,0,501068,6016,0,0,0,0,0,0,0,False,False,False
2015-07-05,0,31,11,29,29,0,4,12793,0,501068,6016,0,0,0,0,0,0,0,False,False,False
2015-07-06,0,31,11,29,29,0,4,12817,0,501068,6016,0,0,0,0,0,0,0,False,False,False
2015-07-07,0,31,11,29,29,0,4,12841,0,501068,6016,0,0,0,0,0,0,0,False,False,False
2015-07-08,0,31,11,29,29,0,4,12865,0,501068,6016,0,0,0,0,0,0,0,False,False,False
2015-07-09,0,31,11,29,29,0,4,12888,0,501068,6016,0,0,0,0,0,0,0,False,False,False
2015-07-10,0,31,11,29,29,0,4,12913,0,501068,6016,0,0,0,0,0,0,0,False,False,False
2015-07-11,0,31,11,29,29,0,4,12937,0,501068,6016,0,0,0,0,0,0,0,False,False,False
2015-07-12,0,31,11,29,29,0,4,12960,0,501068,6016,0,0,0,0,0,0,0,False,False,False
2015-07-13,0,31,11,29,29,0,4,12985,0,501068,6016,0,0,0,0,0,0,0,False,False,False
2015-07-14,0,31,11,29,29,0,4,13009,0,501068,6016,0,0,0,0,0,0,0,False,False,False
2015-07-15,0,31,11,29,29,0,4,13032,0,501068,6016,0,0,0,0,0,0,0,False,False,False
2015-07-16,0,32,11,29,29,0,4,13056,0,501068,6016,0,0,0,0,0,0,0,False,False,False
2015-07-17,0,32,11,29,29,0,4,13081,0,501068,6016,0,0,0,0,0,0,0,False,False,False
2015-07-18,0,32,11,29,29,0,4,13104,0,501068,6016,0,0,0,0,0,0,0,False,False,False
2015-07-19,0,32,11,29,29,0,4,13128,0,501087,6016,0,0,0,0,0,0,0,False,False,False
2015-07-20,0,31,11,29,29,0,4,13153,0,501087,6016,0,0,0,0,0,0,0,False,False,False
2015-07-21,0,31,11,29,29,0,4,13176,0,501088,6016,0,0,0,0,0,0,0,False,False,False
2015-07-22,0,32,11,29,29,0,4,13201,0,501092,6016,0,0,0,0,0,0,0,False,False,False
2015-07-23,0,32,11,29,29,0,4,13224,0,501093,6016,0,0,0,0,0,0,0,False,False,False
2015-07-24,0,32,11,29,29,0,4,13248,0,501093,6016,0,0,0,0,0,0,0,False,False,False
2015-07-25,0,33,11,29,29,0,4,13273,0,501093,6016,0,0,0,0,0,0,0,False,False,False
2015-07-26,0,33,11,29,29,0,4,13296,0,501093,6016,0,0,0,0,0,0,0,False,False,False
2015-07-27,0,33,11,29,29,0,4,13320,0,501093,6016,0,0,0,0,0,0,0,False,False,False
2015-07-28,0,32,11,29,29,0,4,13344,0,501149,6016,0,0,0,0,0,0,0,False,False,False
2015-07-29,0,33,11,29,29,0,4,13368,0,501164,6016,0,0,0,0,0,0,0,False,False,False
2015-07-30,0,32,11,29,29,0,4,13392,0,501164,6016,0,0,0,0,0,0,0,False,False,False
2015-07-31,0,33,11,29,29,0,4,13416,0,501188,6016,0,0,0,0,0,0,0,False,False,False
2015-08-01,0,33,11,29,29,0,4,13440,0,501199,6016,0,0,0,0,0,0,0,False,False,False
2015-08-02,0,33,11,29,29,0,4,13464,0,501199,6016,0,0,0,0,0,0,0,False,False,False
2015-08-03,0,33,11,29,29,0,4,13488,0,501199,6016,0,0,0,0,0,0,0,False,False,False
2015-08-04,0,33,11,29,29,0,4,13512,0,501199,6016,0,0,0,0,0,0,0,False,False,False
2015-08-05,0,33,11,29,29,0,4,13536,0,501203,6016,0,0,0,0,0,0,0,False,False,False
2015-08-06,0,32,11,29,29,0,4,13560,0,501203,6016,0,0,0,0,0,0,0,False,False,False
2015-08-07,0,32,11,29,29,0,4,13584,0,501203,6016,0,0,0,0,0,0,0,False,False,False
2015-08-08,0,32,11,29,29,0,4,13608,0,501203,6016,0,0,0,0,0,0,0,False,False,False
2015-08-09,0,32,11,29,29,0,4,13632,0,501203,6016,0,0,0,0,0,0,0,False,False,False
2015-08-10,0,32,11,29,29,0,4,13656,0,501204,6016,0,0,0,0,0,0,0,False,False,False
2015-08-11,0,30,11,29,29,0,4,13680,0,501204,6016,0,0,0,0,0,0,0,False,False,False
2015-08-12,0,31,11,29,29,0,4,13704,0,501204,6016,0,0,0,0,0,0,0,False,False,False
2015-08-13,0,33,11,29,29,0,4,13728,0,501204,6016,0,0,0,0,0,0,0,False,False,False
2015-08-14,0,31,11,29,29,0,4,13752,0,501204,6016,0,0,0,0,0,0,0,False,False,False
2015-08-15,0,32,11,29,29,0,4,13776,0,501209,6016,0,0,0,0,0,0,0,False,False,False
2015-08-16,0,32,11,29,29,0,4,13799,0,501209,6016,0,0,0,0,0,0,0,False,False,False
2015-08-17,0,33,11,29,29,0,4,13824,0,501209,6016,0,0,0,0,0,0,0,False,False,False
2015-08-18,0,32,11,29,29,0,4,13848,0,501209,6016,0,0,0,0,0,0,0,False,False,False
2015-08-19,0,32,11,29,29,0,4,13871,0,501209,6016,0,0,0,0,0,0,0,False,False,False
2015-08-20,0,32,11,29,29,0,4,13896,0,501209,6016,0,0,0,0,0,0,0,False,False,False
2015-08-21,0,32,11,29,29,0,4,13920,0,501209,6016,0,0,0,0,0,0,0,False,False,False
2015-08-22,0,31,11,29,29,0,4,13944,0,501209,6016,0,0,0,0,0,0,0,False,False,False
2015-08-23,0,31,11,29,29,0,4,13967,0,501209,6016,0,0,0,0,0,0,0,False,False,False
2015-08-24,0,31,11,29,29,0,4,13992,0,501209,6016,0,0,0,0,0,0,0,False,False,False
2015-08-25,0,30,11,29,29,0,4,14016,0,501209,6016,0,0,0,0,0,0,0,False,False,False
2015-08-26,0,31,11,29,29,0,4,14039,0,501209,6016,0,0,0,0,0,0,0,False,False,False
2015-08-27,0,31,11,29,29,0,4,14064,0,501209,6016,0,0,0,0,0,0,0,False,False,False
2015-08-28,0,31,11,29,29,0,4,14088,0,501209,6016,0,0,0,0,0,0,0,False,False,False
2015-08-29,0,31,11,29,29,0,4,14111,0,501209,6016,0,0,0,0,0,0,0,False,False,False
2015-08-30,0,31,11,29,29,0,4,14136,0,501209,6016,0,0,0,0,0,0,0,False,False,False
2015-08-31,0,31,11,29,29,0,4,14159,0,501209,6016,0,0,0,0,0,0,0,False,False,False
2015-09-01,0,31,11,29,29,0,4,14183,0,501209,6016,0,0,0,0,0,0,0,False,False,False
2015-09-02,0,31,11,29,29,0,4,14207,0,501209,6016,0,0,0,0,0,0,0,False,False,False
2015-09-03,0,31,11,29,29,0,4,14231,0,501209,6016,0,0,0,0,0,0,0,False,False,False
2015-09-04,0,31,11,29,29,0,4,14255,0,501209,6016,0,0,0,0,0,0,0,False,False,False
2015-09-05,0,31,11,29,29,0,4,14279,0,501209,6016,0,0,0,0,0,0,0,False,False,False
2015-09-06,0,31,11,29,29,0,4,14303,0,501209,6016,0,0,0,0,0,0,0,False,False,False
2015-09-07,0,31,11,29,29,0,4,14327,0,501209,6016,0,0,0,0,0,0,0,False,False,False
2015-09-08,0,30,11,29,29,0,4,14351,0,501209,6016,0,0,0,0,0,0,0,False,False,False
2015-09-09,0,31,11,29,29,0,4,14375,0,501210,6016,0,0,0,0,0,0,0,False,False,False
2015-09-10,0,30,11,29,29,0,4,14399,0,501210,6016,0,0,0,0,0,0,0,False,False,False
2015-09-11,0,29,11,29,29,0,4,14423,0,501211,6016,0,0,0,0,0,0,0,False,False,False
2015-09-12,0,28,11,29,29,0,4,14447,0,501221,6016,0,0,0,0,0,0,0,False,False,False
2015-09-13,0,29,11,29,29,0,4,14471,0,501221,6016,0,0,0,0,0,0,0,False,False,False
2015-09-14,0,29,11,29,29,0,4,14495,0,501221,6016,0,0,0,0,0,0,0,False,False,False
2015-09-15,0,29,11,29,29,0,4,14519,0,501221,6016,0,0,0,0,0,0,0,False,False,False
2015-09-16,0,29,11,29,29,0,4,14543,0,501221,6016,0,0,0,0,0,0,0,False,False,False
2015-09-17,0,29,11,29,29,0,4,14567,0,501221,6016,0,0,0,0,0,0,0,False,False,False
2015-09-18,0,29,11,29,29,0,4,14591,0,501221,6016,0,0,0,0,0,0,0,False,False,False
2015-09-19,0,30,11,29,29,0,4,14615,0,501222,6016,0,0,0,0,0,0,0,False,False,False
2015-09-20,0,30,11,29,29,0,4,14639,0,501222,6016,0,0,0,0,0,0,0,False,False,False
2015-09-21,0,29,11,29,29,0,4,14663,0,501222,6016,0,0,0,0,0,0,0,False,False,False
2015-09-22,0,29,11,29,29,0,4,14687,0,501222,6016,0,0,0,0,0,0,0,False,False,False
2015-09-23,0,29,11,29,29,0,4,14711,0,501222,6016,0,0,0,0,0,0,0,False,False,False
2015-09-24,0,29,11,29,29,0,4,14735,0,501222,6016,0,0,0,0,0,0,0,False,False,False
2015-09-25,0,29,11,29,29,0,4,14758,0,501222,6016,0,0,0,0,0,0,0,False,False,False
2015-09-26,0,29,11,29,29,0,4,14783,0,501224,6016,0,0,0,0,0,0,0,False,False,False
2015-09-27,0,29,11,29,29,0,4,14807,0,501225,6016,0,0,0,0,0,0,0,False,False,False
2015-09-28,0,29,11,29,29,0,4,14830,0,501228,6016,0,0,0,0,0,0,0,False,False,False
2015-09-29,0,29,11,29,29,0,4,14855,0,501229,6016,0,0,0,0,0,0,0,False,False,False
2015-09-30,0,29,11,29,29,0,4,14879,0,501230,6016,0,0,0,0,0,0,0,False,False,False
2015-10-01,0,29,11,29,29,0,4,14902,0,501230,6016,0,0,0,0,0,0,0,False,False,False
2015-10-02,0,29,11,29,29,0,4,14926,0,501230,6016,0,0,0,0,0,0,0,False,False,False
2015-10-03,0,29,11,29,29,0,4,14951,0,501230,6016,0,0,0,0,0,0,0,False,False,False
2015-10-04,0,29,11,29,29,0,4,14974,0,501233,6016,0,0,0,0,0,0,0,False,False,False
2015-10-05,0,29,11,29,29,0,4,14998,0,501233,6016,0,0,0,0,0,0,0,False,False,False
2015-10-06,0,29,11,29,29,0,4,15023,0,501233,6016,0,0,0,0,0,0,0,False,False,False
2015-10-07,0,31,11,29,29,0,4,15046,0,501233,6016,0,0,0,0,0,0,0,False,False,False
2015-10-08,0,27,11,29,29,0,4,15070,0,501233,6016,0,0,0,0,0,0,0,False,False,False
2015-10-09,0,28,11,29,29,0,4,15095,0,501233,6016,0,0,0,0,0,0,0,False,False,False
2015-10-10,0,28,11,29,29,0,4,15118,0,501233,6016,0,0,0,0,0,0,0,False,False,False
2015-10-11,0,27,11,29,29,0,4,15142,0,501234,6016,0,0,0,0,0,0,0,False,False,False
2015-10-12,0,28,11,29,29,0,4,15166,0,501234,6016,0,0,0,0,0,0,0,False,False,False
2015-10-13,0,27,11,29,29,0,4,15190,0,501234,6016,0,0,0,0,0,0,0,False,False,False
2015-10-14,0,28,11,29,29,0,4,15214,0,501234,6016,0,0,0,0,0,0,0,False,False,False
2015-10-15,0,28,11,29,29,0,4,15238,0,501234,6016,0,0,0,0,0,0,0,False,False,False
2015-10-16,0,27,11,29,29,0,4,15262,0,501234,6016,0,0,0,0,0,0,0,False,False,False
2015-10-17,0,26,11,29,29,0,4,15286,0,501234,6016,0,0,0,0,0,0,0,False,False,False
2015-10-18,0,26,11,29,29,0,4,15310,0,501234,6016,0,0,0,0,0,0,0,False,False,False
2015-10-19,0,27,11,29,29,0,4,15334,0,501234,6016,0,0,0,0,0,0,0,False,False,False
2015-10-20,0,26,11,29,29,0,4,15358,0,501234,6016,0,0,0,0,0,0,0,False,False,False
2015-10-21,0,27,11,29,29,0,4,15382,0,501234,6016,0,0,0,0,0,0,0,False,False,False
2015-10-22,0,28,11,29,29,0,4,15406,0,501474,6016,0,0,0,0,0,0,0,False,False,False
2015-10-23,0,27,11,29,29,0,4,15430,0,501475,6016,0,0,0,0,0,0,0,False,False,False
2015-10-24,0,28,11,29,29,0,4,15454,0,501476,6016,0,0,0,0,0,0,0,False,False,False
2015-10-25,0,27,11,29,29,0,4,15478,0,501476,6016,0,0,0,0,0,0,0,False,False,False
2015-10-26,0,27,11,29,29,0,4,15502,0,501477,6016,0,0,0,0,0,0,0,False,False,False
2015-10-27,0,27,11,29,29,0,4,15526,0,501481,6016,0,0,0,0,0,0,0,False,False,False
2015-10-29,0,28,11,29,29,0,4,15574,0,501542,6016,0,0,0,0,0,0,0,False,False,False
2015-10-30,0,28,11,29,29,0,4,15598,0,501542,6016,0,0,0,0,0,0,0,False,False,False
2015-10-31,0,28,11,29,29,0,4,15622,0,501544,6016,0,0,0,0,0,0,0,False,False,False
2015-11-02,0,30,11,29,29,0,4,15671,0,501545,6016,0,0,0,0,0,0,0,False,False,False
2015-11-03,0,29,11,29,29,0,4,15694,0,501546,6016,0,0,0,0,0,0,0,False,False,False
2015-11-04,0,29,11,29,29,0,4,15719,0,501546,6016,0,0,0,0,0,0,0,False,False,False
2015-11-05,0,29,11,29,29,0,4,15743,0,501546,6016,0,0,0,0,0,0,0,False,False,False
2015-11-06,0,30,11,29,29,0,4,15766,0,501548,6016,0,0,0,0,0,0,0,False,False,False
2015-11-07,0,30,11,29,29,0,4,15791,0,501548,6016,0,0,0,0,0,0,0,False,False,False
2015-11-08,0,31,11,29,29,0,4,15815,0,501548,6016,0,0,0,0,0,0,0,False,False,False
2015-11-09,0,30,11,29,29,0,4,15838,0,501549,6016,0,0,0,0,0,0,0,False,False,False
2015-11-10,0,30,11,29,29,0,4,15862,0,501549,6016,0,0,0,0,0,0,0,False,False,False
2015-11-11,0,30,11,29,29,0,4,15887,0,501549,6016,0,0,0,0,0,0,0,False,False,False
2015-11-12,0,29,11,29,29,0,4,15910,0,501558,6016,0,0,0,0,0,0,0,False,False,False
2015-11-13,0,29,11,29,29,0,4,15935,0,501558,6016,0,0,0,0,0,0,0,False,False,False
2015-11-14,0,29,11,29,29,0,4,15959,0,501560,6016,0,0,0,0,0,0,0,False,False,False
2015-11-15,0,30,11,29,29,0,4,15982,0,501560,6016,0,0,0,0,0,0,0,False,False,False
2015-11-16,0,30,11,29,29,0,4,16006,0,501560,6016,0,0,0,0,0,0,0,False,False,False
2015-11-17,0,30,11,29,29,0,4,16031,0,501560,6016,0,0,0,0,0,0,0,False,False,False
2015-11-18,0,31,11,29,29,0,4,16054,0,501560,6016,0,0,0,0,0,0,0,False,False,False
2015-11-19,0,32,11,29,29,0,4,16078,0,501560,6016,0,0,0,0,0,0,0,False,False,False
2015-11-20,0,32,11,29,29,0,4,16103,0,501560,6016,0,0,0,0,0,0,0,False,False,False
2015-11-21,0,32,11,29,29,0,4,16126,0,501560,6016,0,0,0,0,0,0,0,False,False,False
2015-11-22,0,32,11,29,29,0,4,16150,0,501561,6016,0,0,0,0,0,0,0,False,False,False
2015-11-23,0,31,11,29,29,0,4,16175,0,501561,6016,0,0,0,0,0,0,0,False,False,False
2015-11-24,0,32,11,29,29,0,4,16198,0,501561,6016,0,0,0,0,0,0,0,False,False,False
2015-11-25,0,31,11,29,29,0,4,16222,0,501563,6016,0,0,0,0,0,0,0,False,False,False
2015-11-26,0,31,11,29,29,0,4,16246,0,501564,6016,0,0,0,0,0,0,0,False,False,False
2015-11-27,0,31,11,29,29,0,4,16270,0,501566,6016,0,0,0,0,0,0,0,False,False,False
2015-11-28,0,31,11,29,29,0,4,16294,0,501568,6016,0,0,0,0,0,0,0,False,False,False
2015-11-29,0,31,11,29,29,0,4,16318,0,501568,6016,0,0,0,0,0,0,0,False,False,False
2015-11-30,0,31,11,29,29,0,4,16342,0,501571,6016,0,0,0,0,0,0,0,False,False,False
2015-12-01,0,31,11,29,29,0,4,16366,0,501573,6016,0,0,0,0,0,0,0,False,False,False
2015-12-02,0,31,11,29,29,0,4,16390,0,501574,6016,0,0,0,0,0,0,0,False,False,False
2015-12-03,0,31,11,29,29,0,4,16414,0,501574,6016,0,0,0,0,0,0,0,False,False,False
2015-12-04,0,31,11,29,29,0,4,16438,0,501574,6016,0,0,0,0,0,0,0,False,False,False
2015-12-05,0,31,11,29,29,0,4,16462,0,501574,6016,0,0,0,0,0,0,0,False,False,False
2015-12-06,0,31,11,29,29,0,4,16485,0,501574,6016,0,0,0,0,0,0,0,False,False,False
2015-12-07,0,32,11,29,29,0,4,16510,0,501574,6016,0,0,0,0,0,0,0,False,False,False
2015-12-08,0,30,11,29,29,0,4,16534,0,501578,6016,0,0,0,0,0,0,0,False,False,False
2015-12-09,0,30,11,29,29,0,4,16557,0,501581,6016,0,0,0,0,0,0,0,False,False,False
2015-12-10,0,32,11,29,29,0,4,16582,0,501581,6016,0,0,0,0,0,0,0,False,False,False
2015-12-11,0,30,11,29,29,0,4,16606,0,501583,6016,0,0,0,0,0,0,0,False,False,False
2015-12-12,0,29,11,29,29,0,4,16629,0,501597,6016,0,0,0,0,0,0,0,False,False,False
2015-12-13,0,30,11,29,29,0,4,16654,0,501598,6016,0,0,0,0,0,0,0,False,False,False
2015-12-14,0,30,11,29,29,0,4,16678,0,501599,6016,0,0,0,0,0,0,0,False,False,False
2015-12-15,0,29,11,29,29,0,4,16701,0,501662,6016,0,0,0,0,0,0,0,False,False,False
2015-12-16,0,28,11,29,29,0,4,16726,0,501662,6016,0,0,0,0,0,0,0,False,False,False
2015-12-17,0,29,11,29,29,0,4,16750,0,501662,6016,0,0,0,0,0,0,0,False,False,False
2015-12-18,0,28,11,29,29,0,4,16773,0,501663,6016,0,0,0,0,0,0,0,False,False,False
2015-12-19,0,29,11,29,29,0,4,16797,0,501665,6016,0,0,0,0,0,0,0,False,False,False
2015-12-20,0,29,11,29,29,0,4,16822,0,501665,6016,0,0,0,0,0,0,0,False,False,False
2015-12-21,0,30,11,29,29,0,4,16845,0,501665,6016,0,0,0,0,0,0,0,False,False,False
2015-12-22,0,30,11,29,29,0,4,16869,0,501667,6016,0,0,0,0,0,0,0,False,False,False
2015-12-23,0,30,11,29,29,0,4,16894,0,501667,6016,0,0,0,0,0,0,0,False,False,False
2015-12-24,0,27,11,29,29,0,4,16917,0,501667,6016,0,0,0,0,0,0,0,False,False,False
2015-12-25,0,27,11,29,29,0,4,16941,0,501667,6016,0,0,0,0,0,0,0,False,False,False
2015-12-26,0,27,11,29,29,0,4,16966,0,501667,6016,0,0,0,0,0,0,0,False,False,False
2015-12-27,0,28,11,29,29,0,4,16989,0,501668,6016,0,0,0,0,0,0,0,False,False,False
2015-12-28,0,28,11,29,29,0,4,17013,0,501669,6016,0,0,0,0,0,0,0,False,False,False
2015-12-29,0,27,11,29,29,0,4,17038,0,501669,6016,0,0,0,0,0,0,0,False,False,False
2015-12-30,0,28,11,29,29,0,4,17061,0,501670,6016,0,0,0,0,0,0,0,False,False,False
2015-12-31,0,28,11,29,29,0,4,17085,0,501670,6016,0,0,0,0,0,0,0,False,False,False
2016-01-01,0,28,11,29,29,0,4,17109,0,501670,6016,0,0,0,0,0,0,0,False,False,False
2016-01-02,0,28,11,29,29,0,4,17133,0,501670,6016,0,0,0,0,0,0,0,False,False,False
2016-01-03,0,29,11,29,29,0,4,17157,0,501670,6016,0,0,0,0,0,0,0,False,False,False
2016-01-04,0,29,11,29,29,0,4,17181,0,501670,6016,0,0,0,0,0,0,0,False,False,False
2016-01-05,0,28,11,29,29,0,4,17205,0,501670,6016,0,0,0,0,0,0,0,False,False,False
2016-01-06,0,28,11,29,29,0,4,17229,0,501671,6016,0,0,0,0,0,0,0,False,False,False
2016-01-07,0,28,11,29,29,0,4,17253,0,501671,6016,0,0,0,0,0,0,0,False,False,False
2016-01-08,0,28,11,29,29,0,4,17277,0,501671,6016,0,0,0,0,0,0,0,False,False,False
2016-01-09,0,28,11,29,29,0,4,17301,0,501671,6016,0,0,0,0,0,0,0,False,False,False
2016-01-10,0,29,11,29,29,0,4,17325,0,501671,6016,0,0,0,0,0,0,0,False,False,False
2016-01-11,0,28,11,29,29,0,4,17349,0,501671,6016,0,0,0,0,0,0,0,False,False,False
2016-01-12,0,28,11,29,29,0,4,17373,0,501672,6016,0,0,0,0,0,0,0,False,False,False
2016-01-13,0,28,11,29,29,0,4,17397,0,501673,6016,0,0,0,0,0,0,0,False,False,False
2016-01-14,0,28,11,29,29,0,4,17421,0,501675,6016,0,0,0,0,0,0,0,False,False,False
2016-01-15,0,28,11,29,29,0,4,17445,0,501676,6016,0,0,0,0,0,0,0,False,False,False
2016-01-16,0,28,11,29,29,0,4,17469,0,501677,6016,0,0,0,0,0,0,0,False,False,False
2016-01-17,0,29,11,29,29,0,4,17493,0,501677,6016,0,0,0,0,0,0,0,False,False,False
2016-01-18,0,30,11,29,29,0,4,17517,0,501678,6016,0,0,0,0,0,0,0,False,False,False
2016-01-19,0,28,11,29,29,0,4,17541,0,501680,6016,0,0,0,0,0,0,0,False,False,False
2016-01-20,0,28,11,29,29,0,4,17564,0,501682,6016,0,0,0,0,0,0,0,False,False,False
2016-01-21,0,28,11,29,29,0,4,17588,0,501682,6016,0,0,0,0,0,0,0,False,False,False
2016-01-22,0,28,11,29,29,0,4,17613,0,501682,6016,0,0,0,0,0,0,0,False,False,False
2016-01-23,0,28,11,29,29,0,4,17636,0,501682,6016,0,0,0,0,0,0,0,False,False,False
2016-01-24,0,27,11,29,29,0,4,17660,0,501683,6016,0,0,0,0,0,0,0,False,False,False
2016-01-25,0,27,11,29,29,0,4,17685,0,501684,6016,0,0,0,0,0,0,0,False,False,False
2016-01-26,0,28,11,29,29,0,4,17708,0,501684,6016,0,0,0,0,0,0,0,False,False,False
2016-01-27,0,28,11,29,29,0,4,17732,0,501684,6016,0,0,0,0,0,0,0,False,False,False
2016-01-28,0,28,11,29,29,0,4,17757,0,501685,6016,0,0,0,0,0,0,0,False,False,False
2016-01-29,0,28,11,29,29,0,4,17780,0,501685,6016,0,0,0,0,0,0,0,False,False,False
2016-01-30,0,28,11,29,29,0,4,17804,0,501687,6016,0,0,0,0,0,0,0,False,False,False
2016-01-31,0,28,11,29,29,0,4,17829,0,501687,6016,0,0,0,0,0,0,0,False,False,False
2016-02-01,0,29,11,29,29,0,4,17852,0,501687,6016,0,0,0,0,0,0,0,False,False,False
2016-02-02,0,28,11,29,29,0,4,17876,0,501687,6016,0,0,0,0,0,0,0,False,False,False
2016-02-03,0,28,11,29,29,0,4,17900,0,501687,6016,0,0,0,0,0,0,0,False,False,False
2016-02-04,0,29,11,29,29,0,4,17924,0,501687,6016,0,0,0,0,0,0,0,False,False,False
2016-02-05,0,29,11,29,29,0,4,17948,0,501687,6016,0,0,0,0,0,0,0,False,False,False
2016-02-06,0,29,11,29,29,0,4,17972,0,501687,6016,0,0,0,0,0,0,0,False,False,False
2016-02-07,0,29,11,29,29,0,4,17996,0,501688,6016,0,0,0,0,0,0,0,False,False,False
2016-02-08,0,30,11,29,29,0,4,18020,0,501689,6016,0,0,0,0,0,0,0,False,False,False
2016-02-09,0,29,11,29,29,0,4,18044,0,501689,6016,0,0,0,0,0,0,0,False,False,False
2016-02-10,0,29,11,29,29,0,4,18068,0,501692,6016,0,0,0,0,0,0,0,False,False,False
2016-02-11,0,30,11,29,29,0,4,18092,0,501692,6016,0,0,0,0,0,0,0,False,False,False
2016-02-12,0,28,11,29,29,0,4,18116,0,501693,6016,0,0,0,0,0,0,0,False,False,False
2016-02-13,0,30,11,29,29,0,4,18140,0,501694,6016,0,0,0,0,0,0,0,False,False,False
2016-02-14,0,30,11,29,29,0,4,18164,0,501697,6016,0,0,0,0,0,0,0,False,False,False
2016-02-15,0,29,11,29,29,0,4,18188,0,501698,6016,0,0,0,0,0,0,0,False,False,False
2016-02-16,0,30,11,29,29,0,4,18212,0,501698,6016,0,0,0,0,0,0,0,False,False,False
2016-02-17,0,29,11,29,29,0,4,18236,0,501700,6016,0,0,0,0,0,0,0,False,False,False
2016-02-18,0,30,11,29,29,0,4,18260,0,501700,6016,0,0,0,0,0,0,0,False,False,False
2016-02-19,0,30,11,29,29,0,4,18284,0,501700,6016,0,0,0,0,0,0,0,False,False,False
2016-02-20,0,30,11,29,29,0,4,18307,0,501702,6016,0,0,0,0,0,0,0,False,False,False
2016-02-21,0,30,11,29,29,0,4,18332,0,501702,6016,0,0,0,0,0,0,0,False,False,False
2016-02-22,0,31,11,29,29,0,4,18356,0,501702,6016,0,0,0,0,0,0,0,False,False,False
2016-02-23,0,30,11,29,29,0,4,18379,0,501702,6016,0,0,0,0,0,0,0,False,False,False
2016-02-24,0,31,11,29,29,0,4,18404,0,501703,6016,0,0,0,0,0,0,0,False,False,False
2016-02-25,0,30,11,29,29,0,4,18428,0,501704,6016,0,0,0,0,0,0,0,False,False,False
2016-02-26,0,30,11,29,29,0,4,18451,0,501705,6016,0,0,0,0,0,0,0,False,False,False
2016-02-27,0,30,11,29,29,0,4,18476,0,501705,6016,0,0,0,0,0,0,0,False,False,False
2016-02-28,0,31,11,29,29,0,4,18500,0,501706,6016,0,0,0,0,0,0,0,False,False,False
2016-02-29,0,30,11,29,29,0,4,18523,0,501706,6016,0,0,0,0,0,0,0,False,False,False
2016-03-01,0,30,11,29,29,0,4,18547,0,501706,6016,0,0,0,0,0,0,0,False,False,False
2016-03-02,0,30,11,29,29,0,4,18572,0,501707,6016,0,0,0,0,0,0,0,False,False,False
2016-03-03,0,29,11,29,29,0,4,18595,0,501709,6016,0,0,0,0,0,0,0,False,False,False
2016-03-04,0,29,11,29,29,0,4,18619,0,501711,6016,0,0,0,0,0,0,0,False,False,False
2016-03-05,0,29,11,29,29,0,4,18644,0,501712,6016,0,0,0,0,0,0,0,False,False,False
2016-03-06,0,31,11,29,29,0,4,18667,0,501717,6016,0,0,0,0,0,0,0,False,False,False
2016-03-07,0,32,11,29,29,0,4,18691,0,501720,6016,0,0,0,0,0,0,0,False,False,False
2016-03-08,0,30,11,29,29,0,4,18716,0,501720,6016,0,0,0,0,0,0,0,False,False,False
2016-03-09,0,31,11,29,29,0,4,18739,0,501721,6016,0,0,0,0,0,0,0,False,False,False
2016-03-10,0,30,11,29,29,0,4,18763,0,501722,6016,0,0,0,0,0,0,0,False,False,False
2016-03-11,0,30,11,29,29,0,4,18788,0,501723,6016,0,0,0,0,0,0,0,False,False,False
2016-03-12,0,31,11,29,29,0,4,18811,0,501725,6016,0,0,0,0,0,0,0,False,False,False
2016-03-13,0,31,11,29,29,0,4,18835,0,501725,6016,0,0,0,0,0,0,0,False,False,False
2016-03-14,0,31,11,29,29,0,4,18859,0,501727,6016,0,0,0,0,0,0,0,False,False,False
2016-03-15,0,31,11,29,29,0,4,18882,0,501727,6016,0,0,0,0,0,0,0,False,False,False
2016-03-16,0,30,11,29,29,0,4,18906,0,501727,6016,0,0,0,0,0,0,0,False,False,False
2016-03-17,0,32,11,29,29,0,4,18930,0,501728,6016,0,0,0,0,0,0,0,False,False,False
2016-03-18,0,32,11,29,29,0,4,18954,0,501728,6016,0,0,0,0,0,0,0,False,False,False
2016-03-19,0,29,11,29,29,0,4,18978,0,501728,6016,0,0,0,0,0,0,0,False,False,False
2016-03-20,0,31,11,29,29,0,4,19002,0,501728,6016,0,0,0,0,0,0,0,False,False,False
2016-03-21,0,31,11,29,29,0,4,19026,0,501729,6016,0,0,0,0,0,0,0,False,False,False
2016-03-22,0,30,11,29,29,0,4,19050,0,501730,6016,0,0,0,0,0,0,0,False,False,False
2016-03-23,0,29,11,29,29,0,4,19074,0,501733,6016,0,0,0,0,0,0,0,False,False,False
2016-03-24,0,30,11,29,29,0,4,19098,0,501733,6016,0,0,0,0,0,0,0,False,False,False
2016-03-25,0,31,11,29,29,0,4,19122,0,501735,6016,0,0,0,0,0,0,0,False,False,False
2016-03-26,0,30,11,29,29,0,4,19146,0,501736,6016,0,0,0,0,0,0,0,False,False,False
2016-03-27,0,31,11,29,29,0,4,19170,0,501737,6016,0,0,0,0,0,0,0,False,False,False
2016-03-28,0,30,11,29,29,0,4,19193,0,501739,6016,0,0,0,0,0,0,0,False,False,False
2016-03-29,0,29,11,29,29,0,4,19218,0,501740,6016,0,0,0,0,0,0,0,False,False,False
2016-03-30,0,30,11,29,29,0,4,19242,0,501740,6016,0,0,0,0,0,0,0,False,False,False
2016-03-31,0,31,11,29,29,0,4,19265,0,501740,6016,0,0,0,0,0,0,0,False,False,False
2016-04-01,0,30,11,29,29,0,4,19290,0,501741,6016,0,0,0,0,0,0,0,False,False,False
2016-04-02,0,30,11,29,29,0,4,19314,0,501744,6016,0,0,0,0,0,0,0,False,False,False
2016-04-03,0,31,11,29,29,0,4,19337,0,501746,6016,0,0,0,0,0,0,0,False,False,False
2016-04-04,0,30,11,29,29,0,4,19362,0,501748,6016,0,0,0,0,0,0,0,False,False,False
2016-04-05,0,29,11,29,29,0,4,19386,0,501751,6016,0,0,0,0,0,0,0,False,False,False
2016-04-06,0,29,11,29,29,0,4,19409,0,501751,6016,0,0,0,0,0,0,0,False,False,False
2016-04-07,0,28,11,29,29,0,4,19433,0,501752,6016,0,0,0,0,0,0,0,False,False,False
2016-04-08,0,32,11,29,29,0,4,19458,0,501753,6016,0,0,0,0,0,0,0,False,False,False
2016-04-09,0,32,11,29,29,0,4,19481,0,501755,6016,0,0,0,0,0,0,0,False,False,False
2016-04-10,0,32,11,29,29,0,4,19505,0,501755,6016,0,0,0,0,0,0,0,False,False,False
2016-04-11,0,31,11,29,29,0,4,19530,0,501755,6016,0,0,0,0,0,0,0,False,False,False
2016-04-12,0,32,11,29,29,0,4,19553,0,501755,6016,0,0,0,0,0,0,0,False,False,False
2016-04-13,0,29,11,29,29,0,4,19577,0,501757,6016,0,0,0,0,0,0,0,False,False,False
2016-04-14,0,29,11,29,29,0,4,19602,0,501757,6016,0,0,0,0,0,0,0,False,False,False
2016-04-15,0,28,11,29,29,0,4,19625,0,501759,6016,0,0,0,0,0,0,0,False,False,False
2016-04-16,0,28,11,29,29,0,4,19649,0,501760,6016,0,0,0,0,0,0,0,False,False,False
2016-04-17,0,28,11,29,29,0,4,19674,0,501762,6016,0,0,0,0,0,0,0,False,False,False
2016-04-18,0,29,11,29,29,0,4,19697,0,501763,6016,0,0,0,0,0,0,0,False,False,False
2016-04-19,0,28,11,29,29,0,4,19721,0,501765,6016,0,0,0,0,0,0,0,False,False,False
2016-04-20,0,28,11,29,29,0,4,19745,0,501767,6016,0,0,0,0,0,0,0,False,False,False
2016-04-21,0,28,11,29,29,0,4,19769,0,501768,6016,0,0,0,0,0,0,0,False,False,False
2016-04-22,0,29,11,29,29,0,4,19793,0,501769,6016,0,0,0,0,0,0,0,False,False,False
2016-04-23,0,29,11,29,29,0,4,19817,0,501769,6016,0,0,0,0,0,0,0,False,False,False
2016-04-24,0,31,11,29,29,0,4,19841,0,501770,6016,0,0,0,0,0,0,0,False,False,False
2016-04-25,0,31,11,29,29,0,4,19865,0,501772,6016,0,0,0,0,0,0,0,False,False,False
2016-04-26,0,30,11,29,29,0,4,19889,0,501774,6016,0,0,0,0,0,0,0,False,False,False
2016-04-27,0,30,11,29,29,0,4,19913,0,501774,6016,0,0,0,0,0,0,0,False,False,False
2016-04-28,0,31,11,29,29,0,4,19937,0,501775,6016,0,0,0,0,0,0,0,False,False,False
2016-04-29,0,31,11,29,29,0,4,19961,0,501776,6016,0,0,0,0,0,0,0,False,False,False
2016-04-30,0,32,11,29,29,0,4,19985,0,501777,6016,0,0,0,0,0,0,0,False,False,False
2016-05-01,0,30,11,29,29,0,4,20009,0,503233,6016,0,0,0,0,0,0,0,False,False,False
2016-05-02,0,31,11,29,29,0,4,20033,0,504825,6016,0,0,0,0,0,0,0,False,False,False
2016-05-03,0,31,11,29,29,0,4,20057,0,504831,6016,0,0,0,0,0,0,0,False,False,False
2016-05-04,0,30,11,29,29,0,4,20081,0,504833,6016,0,0,0,0,0,0,0,False,False,False
2016-05-05,0,34,11,29,29,0,4,20105,0,504836,6016,0,0,0,0,0,0,0,False,False,False
2016-05-06,0,33,11,29,29,0,4,20129,0,504837,6016,0,0,0,0,0,0,0,False,False,False
2016-05-07,0,34,11,29,29,0,4,20153,0,504837,6016,0,0,0,0,0,0,0,False,False,False
2016-05-08,0,32,11,29,29,0,4,20177,0,504838,6016,0,0,0,0,0,0,0,False,False,False
2016-05-09,0,35,11,29,29,0,4,20201,0,504838,6016,0,0,0,0,0,0,0,False,False,False
2016-05-10,0,35,11,29,29,0,4,20224,0,504838,6016,0,0,0,0,0,0,0,False,False,False
2016-05-11,0,33,11,29,29,0,4,20249,0,504847,6016,0,0,0,0,0,0,0,False,False,False
2016-05-12,0,34,11,29,29,0,4,20273,0,504848,6016,0,0,0,0,0,0,0,False,False,False
2016-05-13,0,34,11,29,29,0,4,20296,0,504849,6016,0,0,0,0,0,0,0,False,False,False
2016-05-14,0,34,11,29,29,0,4,20321,0,504850,6016,0,0,0,0,0,0,0,False,False,False
2016-05-15,0,35,11,29,29,0,4,20345,0,504851,6016,0,0,0,0,0,0,0,False,False,False
2016-05-16,0,33,11,29,29,0,4,20368,0,504853,6016,0,0,0,0,0,0,0,False,False,False
2016-05-17,0,33,11,29,29,0,4,20392,0,504853,6016,0,0,0,0,0,0,0,False,False,False
2016-05-18,0,33,11,29,29,0,4,20417,0,504854,6016,0,0,0,0,0,0,0,False,False,False
2016-05-19,0,32,11,29,29,0,4,20440,0,504856,6016,0,0,0,0,0,0,0,False,False,False
2016-05-20,0,34,11,29,29,0,4,20464,0,504857,6016,0,0,0,0,0,0,0,False,False,False
2016-05-21,0,33,11,29,29,0,4,20489,0,504859,6016,0,0,0,0,0,0,0,False,False,False
2016-05-22,0,35,11,29,29,0,4,20512,0,504860,6016,0,0,0,0,0,0,0,False,False,False
2016-05-23,0,34,11,29,29,0,4,20536,0,504863,6016,0,0,0,0,0,0,0,False,False,False
2016-05-24,0,34,11,29,29,0,4,20561,0,504864,6016,0,0,0,0,0,0,0,False,False,False
2016-05-25,0,34,11,29,29,0,4,20584,0,504866,6016,0,0,0,0,0,0,0,False,False,False
2016-05-26,0,33,11,29,29,0,4,20608,0,504869,6016,0,0,0,0,0,0,0,False,False,False
2016-05-27,0,33,11,29,29,0,4,20632,0,504872,6016,0,0,0,0,0,0,0,False,False,False
2016-05-28,0,34,11,29,29,0,4,20656,0,504872,6016,0,0,0,0,0,0,0,False,False,False
2016-05-29,0,34,11,29,29,0,4,20680,0,504874,6016,0,0,0,0,0,0,0,False,False,False
2016-05-30,0,33,11,29,29,0,4,20704,0,504875,6016,0,0,0,0,0,0,0,False,False,False
2016-05-31,0,33,11,29,29,0,4,20728,0,504877,6016,0,0,0,0,0,0,0,False,False,False
2016-06-01,0,32,11,29,29,0,4,20752,0,504886,6016,0,0,0,0,0,0,0,False,False,False
2016-06-02,0,34,11,29,29,0,4,20776,0,504886,6016,0,0,0,0,0,0,0,False,False,False
2016-06-03,0,34,11,29,29,0,4,20800,0,504903,6016,0,0,0,0,0,0,0,False,False,False
2016-06-04,0,34,11,29,29,0,4,20824,0,504905,6016,0,0,0,0,0,0,0,False,False,False
2016-06-05,0,34,11,29,29,0,4,20848,0,504905,6016,0,0,0,0,0,0,0,False,False,False
2016-06-06,0,33,11,29,29,0,4,20872,0,504906,6016,0,0,0,0,0,0,0,False,False,False
2016-06-07,0,34,11,29,29,0,4,20896,0,504908,6016,0,0,0,0,0,0,0,False,False,False
2016-06-08,0,35,11,29,29,0,4,20920,0,504908,6016,0,0,0,0,0,0,0,False,False,False
2016-06-09,0,35,11,29,29,0,4,20944,0,504908,6016,0,0,0,0,0,0,0,False,False,False
2016-06-10,0,33,11,29,29,0,4,20968,0,504913,6016,0,0,0,0,0,0,0,False,False,False
2016-06-11,0,33,11,29,29,0,4,20992,0,504914,6016,0,0,0,0,0,0,0,False,False,False
2016-06-12,0,34,11,29,29,0,4,21016,0,504915,6016,0,0,0,0,0,0,0,False,False,False
2016-06-13,0,33,11,29,29,0,4,21040,0,504917,6016,0,0,0,0,0,0,0,False,False,False
2016-06-14,0,33,11,29,29,0,4,21064,0,504918,6016,0,0,0,0,0,0,0,False,False,False
2016-06-15,0,35,11,29,29,0,4,21088,0,504921,6016,0,0,0,0,0,0,0,False,False,False
2016-06-16,0,35,11,29,29,0,4,21112,0,504923,6016,0,0,0,0,0,0,0,False,False,False
2016-06-17,0,36,11,29,29,0,4,21136,0,504939,6016,0,0,0,0,0,0,0,False,False,False
2016-06-18,0,35,11,29,29,0,4,21160,0,504939,6016,0,0,0,0,0,0,0,False,False,False
2016-06-19,0,35,11,29,29,0,4,21184,0,504939,6016,0,0,0,0,0,0,0,False,False,False
2016-06-20,0,35,11,29,29,0,4,21208,0,504939,6016,0,0,0,0,0,0,0,False,False,False
2016-06-21,0,34,11,29,29,0,4,21232,0,504940,6016,0,0,0,0,0,0,0,False,False,False
2016-06-22,0,35,11,29,29,0,4,21255,0,504943,6016,0,0,0,0,0,0,0,False,False,False
2016-06-23,0,35,11,29,29,0,4,21280,0,504943,6016,0,0,0,0,0,0,0,False,False,False
2016-06-24,0,35,11,29,29,0,4,21304,0,504943,6016,0,0,0,0,0,0,0,False,False,False
2016-06-25,0,35,11,29,29,0,4,21327,0,504943,6016,0,0,0,0,0,0,0,False,False,False
2016-06-26,0,35,11,29,29,0,4,21352,0,504944,6016,0,0,0,0,0,0,0,False,False,False
2016-06-27,0,34,11,29,29,0,4,21376,0,504947,6016,0,0,0,0,0,0,0,False,False,False
2016-06-28,0,35,11,29,29,0,4,21399,0,504947,6016,0,0,0,0,0,0,0,False,False,False
2016-06-29,0,35,11,29,29,0,4,21424,0,504949,6016,0,0,0,0,0,0,0,False,False,False
2016-06-30,0,35,11,29,29,0,4,21448,0,504952,6016,0,0,0,0,0,0,0,False,False,False
