date,failure,Smart 194: Temperature_Celsius (Raw Value),Smart 1: Raw_Read_Error_Rate (Raw Value),Smart 12: Power_Cycle_Count (Raw Value),Smart 4: Start_Stop_Count (Raw Value),Smart 10: Spin_Retry_Count (Raw Value),Smart 192: Power-Off_Retract_Count (Raw Value),Smart 9: Power_On_Hours (Raw Value),Smart 7: Seek_Error_Rate (Raw Value),Smart 193: Load_Cycle_Count (Raw Value),Smart 3: Spin_Up_Time (Raw Value),Smart 11: Calibration_Retry_Count (Raw Value),Smart 200: Multi_Zone_Error_Rate (Raw Value),Smart 5: Reallocated_Sector_Ct (Raw Value),Smart 197: Current_Pending_Sector (Raw Value),Smart 198: Offline_Uncorrectable (Raw Value),Smart 199: UDMA_CRC_Error_Count (Raw Value),Smart 196: Reallocated_Event_Count (Raw Value)
2014-12-09,0,33,0,3,3,0,0,78,0,69,0,0,0,0,0,0,0,0
2014-12-10,0,33,0,3,3,0,0,102,0,71,0,0,0,0,0,0,0,0
2014-12-11,0,33,0,3,3,0,0,126,0,72,0,0,0,0,0,0,0,0
2014-12-12,0,33,0,3,3,0,0,149,0,74,0,0,0,0,0,0,0,0
2014-12-13,0,33,0,3,3,0,0,174,0,75,0,0,0,0,0,0,0,0
2014-12-14,0,33,0,3,3,0,0,198,0,76,0,0,0,0,0,0,0,0
2014-12-15,0,33,0,3,3,0,0,221,0,77,0,0,0,0,0,0,0,0
2014-12-16,0,35,0,3,3,0,0,246,0,79,0,0,0,0,0,0,0,0
2014-12-17,0,34,0,3,3,0,0,270,0,81,0,0,0,0,0,0,0,0
2014-12-18,0,34,0,3,3,0,0,293,0,84,0,0,0,0,0,0,0,0
2014-12-19,0,34,0,3,3,0,0,318,0,86,0,0,0,0,0,0,0,0
2014-12-20,0,34,0,3,3,0,0,342,0,89,0,0,0,0,0,0,0,0
2014-12-21,0,35,0,3,3,0,0,365,0,92,0,0,0,0,0,0,0,0
2014-12-22,0,34,0,3,3,0,0,389,0,94,0,0,0,0,0,0,0,0
2014-12-23,0,34,0,3,3,0,0,414,0,96,0,0,0,0,0,0,0,0
2014-12-24,0,35,0,3,3,0,0,437,0,99,0,0,0,0,0,0,0,0
2014-12-25,0,34,0,3,3,0,0,461,0,101,0,0,0,0,0,0,0,0
2014-12-26,0,34,0,3,3,0,0,486,0,103,0,0,0,0,0,0,0,0
2014-12-27,0,34,0,3,3,0,0,509,0,105,0,0,0,0,0,0,0,0
2014-12-28,0,34,0,3,3,0,0,533,0,107,0,0,0,0,0,0,0,0
2014-12-29,0,34,0,3,3,0,0,558,0,110,0,0,0,0,0,0,0,0
2014-12-30,0,34,0,3,3,0,0,581,0,112,0,0,0,0,0,0,0,0
2014-12-31,0,34,0,3,3,0,0,605,0,114,0,0,0,0,0,0,0,0
2015-01-01,0,34,0,3,3,0,0,630,0,116,0,0,0,0,0,0,0,0
2015-01-02,0,34,0,3,3,0,0,653,0,118,0,0,0,0,0,0,0,0
2015-01-03,0,35,0,3,3,0,0,677,0,121,0,0,0,0,0,0,0,0
2015-01-04,0,34,0,3,3,0,0,701,0,123,0,0,0,0,0,0,0,0
2015-01-05,0,34,0,3,3,0,0,725,0,125,0,0,0,0,0,0,0,0
2015-01-06,0,35,0,3,3,0,0,749,0,127,0,0,0,0,0,0,0,0
2015-01-07,0,35,0,3,3,0,0,773,0,129,0,0,0,0,0,0,0,0
2015-01-08,0,34,0,3,3,0,0,797,0,131,0,0,0,0,0,0,0,0
2015-01-09,0,35,0,3,3,0,0,821,0,133,0,0,0,0,0,0,0,0
2015-01-10,0,35,0,3,3,0,0,845,0,136,0,0,0,0,0,0,0,0
2015-01-11,0,34,0,3,3,0,0,869,0,138,0,0,0,0,0,0,0,0
2015-01-12,0,34,0,3,3,0,0,893,0,140,0,0,0,0,0,0,0,0
2015-01-13,0,34,0,3,3,0,0,917,0,142,0,0,0,0,0,0,0,0
2015-01-14,0,34,0,3,3,0,0,941,0,144,0,0,0,0,0,0,0,0
2015-01-15,0,34,0,3,3,0,0,965,0,146,0,0,0,0,0,0,0,0
2015-01-16,0,34,0,3,3,0,0,989,0,148,0,0,0,0,0,0,0,0
2015-01-17,0,34,0,3,3,0,0,1013,0,149,0,0,0,0,0,0,0,0
2015-01-18,0,34,0,3,3,0,0,1037,0,150,0,0,0,0,0,0,0,0
2015-01-19,0,34,0,3,3,0,0,1061,0,152,0,0,0,0,0,0,0,0
2015-01-20,0,34,0,3,3,0,0,1085,0,153,0,0,0,0,0,0,0,0
2015-01-21,0,34,0,3,3,0,0,1109,0,155,0,0,0,0,0,0,0,0
2015-01-22,0,34,0,3,3,0,0,1133,0,156,0,0,0,0,0,0,0,0
2015-01-23,0,34,0,3,3,0,0,1157,0,157,0,0,0,0,0,0,0,0
2015-01-24,0,34,0,3,3,0,0,1180,0,159,0,0,0,0,0,0,0,0
2015-01-25,0,34,0,3,3,0,0,1205,0,160,0,0,0,0,0,0,0,0
2015-01-26,0,34,0,3,3,0,0,1229,0,161,0,0,0,0,0,0,0,0
2015-01-27,0,34,0,3,3,0,0,1252,0,162,0,0,0,0,0,0,0,0
2015-01-28,0,34,0,3,3,0,0,1277,0,164,0,0,0,0,0,0,0,0
2015-01-29,0,35,0,3,3,0,0,1301,0,165,0,0,0,0,0,0,0,0
2015-01-30,0,34,0,3,3,0,0,1324,0,166,0,0,0,0,0,0,0,0
2015-01-31,0,34,0,3,3,0,0,1349,0,167,0,0,0,0,0,0,0,0
2015-02-01,0,34,0,3,3,0,0,1373,0,169,0,0,0,0,0,0,0,0
2015-02-02,0,34,0,3,3,0,0,1396,0,170,0,0,0,0,0,0,0,0
2015-02-03,0,34,0,3,3,0,0,1420,0,171,0,0,0,0,0,0,0,0
2015-02-04,0,34,0,3,3,0,0,1445,0,172,0,0,0,0,0,0,0,0
2015-02-05,0,34,0,3,3,0,0,1468,0,173,0,0,0,0,0,0,0,0
2015-02-06,0,34,0,3,3,0,0,1492,0,174,0,0,0,0,0,0,0,0
2015-02-07,0,34,0,3,3,0,0,1517,0,175,0,0,0,0,0,0,0,0
2015-02-08,0,34,0,3,3,0,0,1540,0,176,0,0,0,0,0,0,0,0
2015-02-09,0,34,0,3,3,0,0,1564,0,177,0,0,0,0,0,0,0,0
2015-02-10,0,34,0,3,3,0,0,1589,0,179,0,0,0,0,0,0,0,0
2015-02-11,0,34,0,3,3,0,0,1612,0,180,0,0,0,0,0,0,0,0
2015-02-12,0,34,0,3,3,0,0,1636,0,181,0,0,0,0,0,0,0,0
2015-02-13,0,34,0,3,3,0,0,1661,0,182,0,0,0,0,0,0,0,0
2015-02-14,0,34,0,3,3,0,0,1684,0,183,0,0,0,0,0,0,0,0
2015-02-15,0,34,0,3,3,0,0,1708,0,184,0,0,0,0,0,0,0,0
2015-02-16,0,34,0,3,3,0,0,1732,0,185,0,0,0,0,0,0,0,0
2015-02-17,0,34,0,3,3,0,0,1756,0,186,0,0,0,0,0,0,0,0
2015-02-18,0,34,0,3,3,0,0,1780,0,187,0,0,0,0,0,0,0,0
2015-02-19,0,34,0,3,3,0,0,1804,0,189,0,0,0,0,0,0,0,0
2015-02-20,0,34,0,3,3,0,0,1828,0,190,0,0,0,0,0,0,0,0
2015-02-21,0,34,0,3,3,0,0,1852,0,191,0,0,0,0,0,0,0,0
2015-02-22,0,34,0,3,3,0,0,1876,0,192,0,0,0,0,0,0,0,0
2015-02-23,0,34,0,3,3,0,0,1900,0,193,0,0,0,0,0,0,0,0
2015-02-24,0,34,0,3,3,0,0,1924,0,194,0,0,0,0,0,0,0,0
2015-02-25,0,34,0,3,3,0,0,1948,0,195,0,0,0,0,0,0,0,0
2015-02-26,0,34,0,3,3,0,0,1971,0,196,0,0,0,0,0,0,0,0
2015-02-27,0,34,0,3,3,0,0,1995,0,198,0,0,0,0,0,0,0,0
2015-02-28,0,34,0,3,3,0,0,2020,0,199,0,0,0,0,0,0,0,0
2015-03-01,0,34,0,3,3,0,0,2044,0,200,0,0,0,0,0,0,0,0
2015-03-02,0,34,0,3,3,0,0,2067,0,201,0,0,0,0,0,0,0,0
2015-03-03,0,34,0,3,3,0,0,2092,0,202,0,0,0,0,0,0,0,0
2015-03-04,0,34,0,3,3,0,0,2115,0,203,0,0,0,0,0,0,0,0
2015-03-05,0,34,0,3,3,0,0,2139,0,204,0,0,0,0,0,0,0,0
2015-03-06,0,34,0,3,3,0,0,2164,0,206,0,0,0,0,0,0,0,0
2015-03-07,0,34,0,3,3,0,0,2187,0,207,0,0,0,0,0,0,0,0
2015-03-08,0,34,0,3,3,0,0,2211,0,208,0,0,0,0,0,0,0,0
2015-03-09,0,34,0,3,3,0,0,2236,0,209,0,0,0,0,0,0,0,0
2015-03-10,0,34,0,3,3,0,0,2259,0,210,0,0,0,0,0,0,0,0
2015-03-11,0,34,0,3,3,0,0,2282,0,212,0,0,0,0,0,0,0,0
2015-03-12,0,34,0,3,3,0,0,2306,0,213,0,0,0,0,0,0,0,0
2015-03-13,0,34,0,3,3,0,0,2331,0,214,0,0,0,0,0,0,0,0
2015-03-14,0,34,0,3,3,0,0,2354,0,215,0,0,0,0,0,0,0,0
2015-03-15,0,34,0,3,3,0,0,2378,0,216,0,0,0,0,0,0,0,0
2015-03-16,0,34,0,3,3,0,0,2402,0,217,0,0,0,0,0,0,0,0
2015-03-17,0,34,0,3,3,0,0,2426,0,219,0,0,0,0,0,0,0,0
2015-03-18,0,34,0,3,3,0,0,2450,0,220,0,0,0,0,0,0,0,0
2015-03-19,0,35,0,3,3,0,0,2474,0,221,0,0,0,0,0,0,0,0
2015-03-20,0,34,0,3,3,0,0,2498,0,222,0,0,0,0,0,0,0,0
2015-03-21,0,33,0,3,3,0,0,2522,0,223,0,0,0,0,0,0,0,0
2015-03-22,0,33,0,3,3,0,0,2546,0,224,0,0,0,0,0,0,0,0
2015-03-23,0,33,0,3,3,0,0,2570,0,226,0,0,0,0,0,0,0,0
2015-03-24,0,31,0,3,3,0,0,2594,0,227,0,0,0,0,0,0,0,0
2015-03-25,0,33,0,3,3,0,0,2618,0,228,0,0,0,0,0,0,0,0
2015-03-26,0,33,0,3,3,0,0,2642,0,229,0,0,0,0,0,0,0,0
2015-03-27,0,33,0,3,3,0,0,2666,0,230,0,0,0,0,0,0,0,0
2015-03-28,0,33,0,3,3,0,0,2690,0,231,0,0,0,0,0,0,0,0
2015-03-29,0,33,0,3,3,0,0,2714,0,232,0,0,0,0,0,0,0,0
2015-03-30,0,33,0,3,3,0,0,2738,0,233,0,0,0,0,0,0,0,0
2015-03-31,0,30,0,3,3,0,0,2762,0,234,0,0,0,0,0,0,0,0
2015-04-01,0,33,0,3,3,0,0,2786,0,235,0,0,0,0,0,0,0,0
2015-04-02,0,33,0,3,3,0,0,2810,0,237,0,0,0,0,0,0,0,0
2015-04-03,0,32,0,3,3,0,0,2834,0,238,0,0,0,0,0,0,0,0
2015-04-04,0,33,0,3,3,0,0,2858,0,239,0,0,0,0,0,0,0,0
2015-04-05,0,33,0,3,3,0,0,2882,0,240,0,0,0,0,0,0,0,0
2015-04-06,0,32,0,3,3,0,0,2906,0,241,0,0,0,0,0,0,0,0
2015-04-07,0,29,0,3,3,0,0,2930,0,242,0,0,0,0,0,0,0,0
2015-04-08,0,32,0,3,3,0,0,2953,0,243,0,0,0,0,0,0,0,0
2015-04-09,0,34,0,3,3,0,0,2978,0,244,0,0,0,0,0,0,0,0
2015-04-10,0,33,0,3,3,0,0,3002,0,245,0,0,0,0,0,0,0,0
2015-04-11,0,33,0,3,3,0,0,3025,0,247,0,0,0,0,0,0,0,0
2015-04-12,0,33,0,3,3,0,0,3050,0,248,0,0,0,0,0,0,0,0
2015-04-13,0,33,0,3,3,0,0,3074,0,249,0,0,0,0,0,0,0,0
2015-04-14,0,31,0,3,3,0,0,3097,0,250,0,0,0,0,0,0,0,0
2015-04-15,0,32,0,3,3,0,0,3122,0,251,0,0,0,0,0,0,0,0
2015-04-16,0,32,0,3,3,0,0,3146,0,252,0,0,0,0,0,0,0,0
2015-04-17,0,33,0,3,3,0,0,3169,0,253,0,0,0,0,0,0,0,0
2015-04-18,0,30,0,3,3,0,0,3194,0,255,0,0,0,0,0,0,0,0
2015-04-19,0,31,0,3,3,0,0,3217,0,256,0,0,0,0,0,0,0,0
2015-04-20,0,33,0,3,3,0,0,3241,0,257,0,0,0,0,0,0,0,0
2015-04-21,0,29,0,3,3,0,0,3265,0,258,0,0,0,0,0,0,0,0
2015-04-22,0,32,0,3,3,0,0,3289,0,260,0,0,0,0,0,0,0,0
2015-04-23,0,32,0,3,3,0,0,3313,0,261,0,0,0,0,0,0,0,0
2015-04-24,0,32,0,3,3,0,0,3337,0,262,0,0,0,0,0,0,0,0
2015-04-25,0,31,0,3,3,0,0,3361,0,263,0,0,0,0,0,0,0,0
2015-04-26,0,31,0,3,3,0,0,3385,0,264,0,0,0,0,0,0,0,0
2015-04-27,0,32,0,3,3,0,0,3409,0,266,0,0,0,0,0,0,0,0
2015-04-28,0,29,0,3,3,0,0,3433,0,267,0,0,0,0,0,0,0,0
2015-04-29,0,30,0,3,3,0,0,3457,0,268,0,0,0,0,0,0,0,0
2015-04-30,0,30,0,3,3,0,0,3481,0,269,0,0,0,0,0,0,0,0
2015-05-01,0,30,0,3,3,0,0,3505,0,271,0,0,0,0,0,0,0,0
2015-05-02,0,28,0,3,3,0,0,3529,0,272,0,0,0,0,0,0,0,0
2015-05-03,0,29,0,3,3,0,0,3553,0,273,0,0,0,0,0,0,0,0
2015-05-04,0,29,0,3,3,0,0,3577,0,274,0,0,0,0,0,0,0,0
2015-05-05,0,27,0,3,3,0,0,3601,0,275,0,0,0,0,0,0,0,0
2015-05-06,0,27,0,3,3,0,0,3625,0,276,0,0,0,0,0,0,0,0
2015-05-07,0,27,0,3,3,0,0,3649,0,278,0,0,0,0,0,0,0,0
2015-05-08,0,29,0,3,3,0,0,3672,0,279,0,0,0,0,0,0,0,0
2015-05-09,0,29,0,3,3,0,0,3697,0,280,0,0,0,0,0,0,0,0
2015-05-10,0,29,0,3,3,0,0,3721,0,281,0,0,0,0,0,0,0,0
2015-05-11,0,29,0,3,3,0,0,3744,0,282,0,0,0,0,0,0,0,0
2015-05-12,0,29,0,3,3,0,0,3769,0,283,0,0,0,0,0,0,0,0
2015-05-13,0,30,0,3,3,0,0,3793,0,284,0,0,0,0,0,0,0,0
2015-05-14,0,30,0,3,3,0,0,3816,0,285,0,0,0,0,0,0,0,0
2015-05-15,0,31,0,3,3,0,0,3841,0,286,0,0,0,0,0,0,0,0
2015-05-16,0,30,0,3,3,0,0,3865,0,287,0,0,0,0,0,0,0,0
2015-05-17,0,28,0,3,3,0,0,3888,0,289,0,0,0,0,0,0,0,0
2015-05-18,0,31,0,3,3,0,0,3913,0,290,0,0,0,0,0,0,0,0
2015-05-19,0,28,0,3,3,0,0,3937,0,291,0,0,0,0,0,0,0,0
2015-05-20,0,28,0,3,3,0,0,3960,0,292,0,0,0,0,0,0,0,0
2015-05-21,0,29,0,3,3,0,0,3984,0,293,0,0,0,0,0,0,0,0
2015-05-22,0,28,0,3,3,0,0,4009,0,294,0,0,0,0,0,0,0,0
2015-05-23,0,31,0,3,3,0,0,4032,0,295,0,0,0,0,0,0,0,0
2015-05-24,0,31,0,3,3,0,0,4056,0,296,0,0,0,0,0,0,0,0
2015-05-25,0,30,0,3,3,0,0,4081,0,297,0,0,0,0,0,0,0,0
2015-05-26,0,30,0,3,3,0,0,4104,0,298,0,0,0,0,0,0,0,0
2015-05-27,0,29,0,3,3,0,0,4128,0,299,0,0,0,0,0,0,0,0
2015-05-28,0,28,0,3,3,0,0,4153,0,300,0,0,0,0,0,0,0,0
2015-05-29,0,28,0,3,3,0,0,4176,0,301,0,0,0,0,0,0,0,0
2015-05-30,0,29,0,3,3,0,0,4200,0,303,0,0,0,0,0,0,0,0
2015-05-31,0,29,0,3,3,0,0,4224,0,304,0,0,0,0,0,0,0,0
2015-06-01,0,28,0,3,3,0,0,4248,0,305,0,0,0,0,0,0,0,0
2015-06-02,0,28,0,3,3,0,0,4272,0,306,0,0,0,0,0,0,0,0
2015-06-03,0,29,0,3,3,0,0,4296,0,307,0,0,0,0,0,0,0,0
2015-06-04,0,34,0,3,3,0,0,4320,0,308,0,0,0,0,0,0,0,0
2015-06-05,0,31,0,3,3,0,0,4344,0,310,0,0,0,0,0,0,0,0
2015-06-06,0,30,0,3,3,0,0,4368,0,311,0,0,0,0,0,0,0,0
2015-06-07,0,30,0,3,3,0,0,4392,0,312,0,0,0,0,0,0,0,0
2015-06-08,0,29,0,3,3,0,0,4416,0,313,0,0,0,0,0,0,0,0
2015-06-09,0,28,0,3,3,0,0,4440,0,314,0,0,0,0,0,0,0,0
2015-06-10,0,28,0,3,3,0,0,4464,0,315,0,0,0,0,0,0,0,0
2015-06-11,0,29,0,3,3,0,0,4488,0,316,0,0,0,0,0,0,0,0
2015-06-12,0,29,0,3,3,0,0,4512,0,317,0,0,0,0,0,0,0,0
2015-06-13,0,29,0,3,3,0,0,4536,0,319,0,0,0,0,0,0,0,0
2015-06-14,0,30,0,3,3,0,0,4560,0,320,0,0,0,0,0,0,0,0
2015-06-15,0,30,0,3,3,0,0,4584,0,321,0,0,0,0,0,0,0,0
2015-06-16,0,28,0,3,3,0,0,4608,0,322,0,0,0,0,0,0,0,0
2015-06-17,0,29,0,3,3,0,0,4632,0,323,0,0,0,0,0,0,0,0
2015-06-18,0,30,0,3,3,0,0,4656,0,324,0,0,0,0,0,0,0,0
2015-06-19,0,31,0,3,3,0,0,4680,0,325,0,0,0,0,0,0,0,0
2015-06-20,0,32,0,3,3,0,0,4704,0,326,0,0,0,0,0,0,0,0
2015-06-21,0,32,0,3,3,0,0,4728,0,327,0,0,0,0,0,0,0,0
2015-06-22,0,32,0,3,3,0,0,4752,0,328,0,0,0,0,0,0,0,0
2015-06-23,0,31,0,3,3,0,0,4775,0,329,0,0,0,0,0,0,0,0
2015-06-24,0,32,0,3,3,0,0,4800,0,331,0,0,0,0,0,0,0,0
2015-06-25,0,30,0,3,3,0,0,4823,0,332,0,0,0,0,0,0,0,0
2015-06-26,0,29,0,3,3,0,0,4847,0,333,0,0,0,0,0,0,0,0
2015-06-27,0,30,0,3,3,0,0,4872,0,334,0,0,0,0,0,0,0,0
2015-06-28,0,31,0,3,3,0,0,4895,0,335,0,0,0,0,0,0,0,0
2015-06-29,0,31,0,3,3,0,0,4919,0,336,0,0,0,0,0,0,0,0
2015-06-30,0,28,0,4,4,0,0,4943,0,337,0,0,0,0,0,0,0,0
2015-07-01,0,28,0,4,4,0,0,4968,0,337,0,0,0,0,0,0,0,0
2015-07-02,0,29,0,4,4,0,0,4991,0,338,0,0,0,0,0,0,0,0
2015-07-03,0,30,0,4,4,0,0,5015,0,339,0,0,0,0,0,0,0,0
2015-07-04,0,30,0,4,4,0,0,5039,0,340,0,0,0,0,0,0,0,0
2015-07-05,0,29,0,4,4,0,0,5063,0,342,0,0,0,0,0,0,0,0
2015-07-06,0,30,0,4,4,0,0,5087,0,342,0,0,0,0,0,0,0,0
2015-07-07,0,29,0,4,4,0,0,5111,0,345,0,0,0,0,0,0,0,0
2015-07-08,0,29,0,4,4,0,0,5135,0,348,0,0,0,0,0,0,0,0
2015-07-09,0,31,0,4,4,0,0,5159,0,350,0,0,0,0,0,0,0,0
2015-07-10,0,31,0,4,4,0,0,5183,0,353,0,0,0,0,0,0,0,0
2015-07-11,0,31,0,4,4,0,0,5207,0,355,0,0,0,0,0,0,0,0
2015-07-12,0,31,0,4,4,0,0,5231,0,355,0,0,0,0,0,0,0,0
2015-07-13,0,32,0,4,4,0,0,5255,0,356,0,0,0,0,0,0,0,0
2015-07-14,0,32,0,4,4,0,0,5279,0,359,0,0,0,0,0,0,0,0
2015-07-15,0,31,0,4,4,0,0,5303,0,361,0,0,0,0,0,0,0,0
2015-07-16,0,29,0,4,4,0,0,5327,0,361,0,0,0,0,0,0,0,0
2015-07-17,0,29,0,5,5,0,0,5351,0,363,0,0,0,0,0,0,0,0
2015-07-18,0,29,0,5,5,0,0,5375,0,365,0,0,0,0,0,0,0,0
2015-07-19,0,29,0,5,5,0,0,5399,0,365,0,0,0,0,0,0,0,0
2015-07-20,0,29,0,5,5,0,0,5423,0,365,0,0,0,0,0,0,0,0
2015-07-21,0,28,0,5,5,0,0,5446,0,366,0,0,0,0,0,0,0,0
2015-07-22,0,29,0,5,5,0,0,5471,0,367,0,0,0,0,0,0,0,0
2015-07-23,0,29,0,5,5,0,0,5495,0,368,0,0,0,0,0,0,0,0
2015-07-24,0,29,0,5,5,0,0,5518,0,369,0,0,0,0,0,0,0,0
2015-07-25,0,31,0,5,5,0,0,5543,0,370,0,0,0,0,0,0,0,0
2015-07-26,0,31,0,5,5,0,0,5567,0,371,0,0,0,0,0,0,0,0
2015-07-27,0,31,0,5,5,0,0,5590,0,372,0,0,0,0,0,0,0,0
2015-07-28,0,31,0,5,5,0,0,5614,0,373,0,0,0,0,0,0,0,0
2015-07-29,0,32,0,5,5,0,0,5639,0,374,0,0,0,0,0,0,0,0
2015-07-30,0,31,0,5,5,0,0,5662,0,375,0,0,0,0,0,0,0,0
2015-07-31,0,32,0,5,5,0,0,5686,0,376,0,0,0,0,0,0,0,0
2015-08-01,0,32,0,5,5,0,0,5711,0,377,0,0,0,0,0,0,0,0
2015-08-02,0,32,0,5,5,0,0,5734,0,379,0,0,0,0,0,0,0,0
2015-08-03,0,32,0,5,5,0,0,5758,0,380,0,0,0,0,0,0,0,0
2015-08-04,0,31,0,5,5,0,0,5782,0,381,0,0,0,0,0,0,0,0
2015-08-05,0,34,0,5,5,0,0,5806,0,382,0,0,0,0,0,0,0,0
2015-08-06,0,34,0,5,5,0,0,5830,0,383,0,0,0,0,0,0,0,0
2015-08-07,0,35,0,5,5,0,0,5854,0,384,0,0,0,0,0,0,0,0
2015-08-08,0,35,0,5,5,0,0,5878,0,385,0,0,0,0,0,0,0,0
2015-08-09,0,35,0,5,5,0,0,5902,0,386,0,0,0,0,0,0,0,0
2015-08-10,0,35,0,5,5,0,0,5926,0,387,0,0,0,0,0,0,0,0
2015-08-11,0,34,0,5,5,0,0,5950,0,389,0,0,0,0,0,0,0,0
2015-08-12,0,35,0,5,5,0,0,5974,0,390,0,0,0,0,0,0,0,0
2015-08-13,0,35,0,5,5,0,0,5998,0,394,0,0,0,0,0,0,0,0
2015-08-14,0,35,0,5,5,0,0,6022,0,397,0,0,0,0,0,0,0,0
2015-08-15,0,34,0,5,5,0,0,6046,0,399,0,0,0,0,0,0,0,0
2015-08-16,0,35,0,5,5,0,0,6070,0,403,0,0,0,0,0,0,0,0
2015-08-17,0,34,0,5,5,0,0,6094,0,405,0,0,0,0,0,0,0,0
2015-08-18,0,34,0,5,5,0,0,6118,0,408,0,0,0,0,0,0,0,0
2015-08-19,0,34,0,5,5,0,0,6142,0,411,0,0,0,0,0,0,0,0
2015-08-20,0,34,0,5,5,0,0,6166,0,411,0,0,0,0,0,0,0,0
2015-08-21,0,34,0,5,5,0,0,6190,0,412,0,0,0,0,0,0,0,0
2015-08-22,0,34,0,5,5,0,0,6213,0,413,0,0,0,0,0,0,0,0
2015-08-23,0,34,0,5,5,0,0,6238,0,414,0,0,0,0,0,0,0,0
2015-08-24,0,34,0,5,5,0,0,6262,0,415,0,0,0,0,0,0,0,0
2015-08-25,0,33,0,5,5,0,0,6285,0,416,0,0,0,0,0,0,0,0
2015-08-26,0,34,0,5,5,0,0,6310,0,417,0,0,0,0,0,0,0,0
2015-08-27,0,34,0,5,5,0,0,6334,0,419,0,0,0,0,0,0,0,0
2015-08-28,0,33,0,5,5,0,0,6357,0,420,0,0,0,0,0,0,0,0
2015-08-29,0,35,0,5,5,0,0,6381,0,421,0,0,0,0,0,0,0,0
2015-08-30,0,34,0,5,5,0,0,6406,0,422,0,0,0,0,0,0,0,0
2015-08-31,0,34,0,5,5,0,0,6429,0,423,0,0,0,0,0,0,0,0
2015-09-01,0,32,0,5,5,0,0,6453,0,424,0,0,0,0,0,0,0,0
2015-09-02,0,33,0,5,5,0,0,6478,0,425,0,0,0,0,0,0,0,0
2015-09-03,0,33,0,5,5,0,0,6501,0,426,0,0,0,0,0,0,0,0
2015-09-04,0,33,0,5,5,0,0,6525,0,427,0,0,0,0,0,0,0,0
2015-09-05,0,33,0,5,5,0,0,6549,0,428,0,0,0,0,0,0,0,0
2015-09-06,0,33,0,5,5,0,0,6573,0,430,0,0,0,0,0,0,0,0
2015-09-07,0,33,0,5,5,0,0,6597,0,431,0,0,0,0,0,0,0,0
2015-09-08,0,32,0,5,5,0,0,6621,0,432,0,0,0,0,0,0,0,0
2015-09-09,0,33,0,5,5,0,0,6645,0,433,0,0,0,0,0,0,0,0
2015-09-10,0,33,0,5,5,0,0,6669,0,434,0,0,0,0,0,0,0,0
2015-09-11,0,33,0,5,5,0,0,6693,0,435,0,0,0,0,0,0,0,0
2015-09-12,0,34,0,5,5,0,0,6717,0,436,0,0,0,0,0,0,0,0
2015-09-13,0,34,0,5,5,0,0,6741,0,437,0,0,0,0,0,0,0,0
2015-09-14,0,34,0,5,5,0,0,6765,0,438,0,0,0,0,0,0,0,0
2015-09-15,0,32,0,5,5,0,0,6789,0,439,0,0,0,0,0,0,0,0
2015-09-16,0,34,0,5,5,0,0,6813,0,440,0,0,0,0,0,0,0,0
2015-09-17,0,33,0,5,5,0,0,6837,0,441,0,0,0,0,0,0,0,0
2015-09-18,0,34,0,5,5,0,0,6861,0,442,0,0,0,0,0,0,0,0
2015-09-19,0,33,0,5,5,0,0,6885,0,443,0,0,0,0,0,0,0,0
2015-09-20,0,34,0,5,5,0,0,6909,0,444,0,0,0,0,0,0,0,0
2015-09-21,0,35,0,5,5,0,0,6933,0,445,0,0,0,0,0,0,0,0
2015-09-22,0,33,0,5,5,0,0,6957,0,446,0,0,0,0,0,0,0,0
2015-09-23,0,33,0,5,5,0,0,6981,0,447,0,0,0,0,0,0,0,0
2015-09-24,0,33,0,5,5,0,0,7005,0,448,0,0,0,0,0,0,0,0
2015-09-25,0,34,0,5,5,0,0,7028,0,449,0,0,0,0,0,0,0,0
2015-09-26,0,34,0,5,5,0,0,7053,0,450,0,0,0,0,0,0,0,0
2015-09-27,0,34,0,5,5,0,0,7077,0,452,0,0,0,0,0,0,0,0
2015-09-28,0,35,0,5,5,0,0,7101,0,453,0,0,0,0,0,0,0,0
2015-09-29,0,33,0,5,5,0,0,7125,0,454,0,0,0,0,0,0,0,0
2015-09-30,0,35,0,5,5,0,0,7149,0,455,0,0,0,0,0,0,0,0
2015-10-01,0,35,0,5,5,0,0,7172,0,457,0,0,0,0,0,0,0,0
2015-10-02,0,34,0,6,6,0,0,7196,0,458,0,0,0,0,0,0,0,0
2015-10-03,0,34,0,6,6,0,0,7221,0,458,0,0,0,0,0,0,0,0
2015-10-04,0,34,0,6,6,0,0,7244,0,458,0,0,0,0,0,0,0,0
2015-10-05,0,33,0,6,6,0,0,7268,0,458,0,0,0,0,0,0,0,0
2015-10-06,0,33,0,6,6,0,0,7293,0,459,0,0,0,0,0,0,0,0
2015-10-07,0,34,0,6,6,0,0,7316,0,460,0,0,0,0,0,0,0,0
2015-10-08,0,29,0,6,6,0,0,7340,0,461,0,0,0,0,0,0,0,0
2015-10-09,0,29,0,6,6,0,0,7364,0,462,0,0,0,0,0,0,0,0
2015-10-10,0,29,0,6,6,0,0,7389,0,463,0,0,0,0,0,0,0,0
2015-10-11,0,29,0,6,6,0,0,7412,0,464,0,0,0,0,0,0,0,0
2015-10-12,0,29,0,6,6,0,0,7436,0,465,0,0,0,0,0,0,0,0
2015-10-13,0,29,0,6,6,0,0,7461,0,466,0,0,0,0,0,0,0,0
2015-10-14,0,29,0,6,6,0,0,7484,0,467,0,0,0,0,0,0,0,0
2015-10-15,0,29,0,6,6,0,0,7508,0,468,0,0,0,0,0,0,0,0
2015-10-16,0,30,0,6,6,0,0,7532,0,469,0,0,0,0,0,0,0,0
2015-10-17,0,31,0,6,6,0,0,7556,0,470,0,0,0,0,0,0,0,0
2015-10-18,0,31,0,6,6,0,0,7580,0,471,0,0,0,0,0,0,0,0
2015-10-19,0,31,0,6,6,0,0,7604,0,472,0,0,0,0,0,0,0,0
2015-10-20,0,30,0,6,6,0,0,7628,0,473,0,0,0,0,0,0,0,0
2015-10-21,0,30,0,6,6,0,0,7652,0,474,0,0,0,0,0,0,0,0
2015-10-22,0,30,0,6,6,0,0,7676,0,475,0,0,0,0,0,0,0,0
2015-10-23,0,30,0,6,6,0,0,7700,0,476,0,0,0,0,0,0,0,0
2015-10-24,0,30,0,6,6,0,0,7724,0,477,0,0,0,0,0,0,0,0
2015-10-25,0,30,0,6,6,0,0,7748,0,478,0,0,0,0,0,0,0,0
2015-10-26,0,30,0,6,6,0,0,7772,0,479,0,0,0,0,0,0,0,0
2015-10-27,0,30,0,6,6,0,0,7796,0,480,0,0,0,0,0,0,0,0
2015-10-28,0,30,0,6,6,0,0,7820,0,481,0,0,0,0,0,0,0,0
2015-10-29,0,30,0,6,6,0,0,7843,0,482,0,0,0,0,0,0,0,0
2015-10-30,0,30,0,6,6,0,0,7868,0,483,0,0,0,0,0,0,0,0
2015-10-31,0,29,0,6,6,0,0,7892,0,484,0,0,0,0,0,0,0,0
2015-11-02,0,31,0,6,6,0,0,7941,0,486,0,0,0,0,0,0,0,0
2015-11-03,0,31,0,6,6,0,0,7964,0,487,0,0,0,0,0,0,0,0
2015-11-04,0,31,0,6,6,0,0,7988,0,489,0,0,0,0,0,0,0,0
2015-11-05,0,33,0,6,6,0,0,8013,0,490,0,0,0,0,0,0,0,0
2015-11-06,0,33,0,6,6,0,0,8036,0,491,0,0,0,0,0,0,0,0
2015-11-07,0,33,0,6,6,0,0,8060,0,492,0,0,0,0,0,0,0,0
2015-11-08,0,32,0,6,6,0,0,8085,0,493,0,0,0,0,0,0,0,0
2015-11-09,0,32,0,6,6,0,0,8108,0,494,0,0,0,0,0,0,0,0
2015-11-10,0,32,0,6,6,0,0,8132,0,495,0,0,0,0,0,0,0,0
2015-11-11,0,32,0,6,6,0,0,8157,0,496,0,0,0,0,0,0,0,0
2015-11-12,0,32,0,6,6,0,0,8180,0,497,0,0,0,0,0,0,0,0
2015-11-13,0,32,0,6,6,0,0,8204,0,498,0,0,0,0,0,0,0,0
2015-11-14,0,32,0,6,6,0,0,8229,0,499,0,0,0,0,0,0,0,0
2015-11-15,0,32,0,6,6,0,0,8252,0,500,0,0,0,0,0,0,0,0
2015-11-16,0,32,0,6,6,0,0,8276,0,501,0,0,0,0,0,0,0,0
2015-11-17,0,33,0,7,7,0,0,8300,0,502,8950,0,0,0,0,0,0,0
2015-11-18,0,31,0,7,7,0,0,8324,0,502,8950,0,0,0,0,0,0,0
2015-11-19,0,33,0,7,7,0,0,8348,0,503,8950,0,0,0,0,0,0,0
2015-11-20,0,36,0,7,7,0,0,8372,0,506,8950,0,0,0,0,0,0,0
2015-11-21,0,31,0,8,8,0,0,8396,0,508,8900,0,0,0,0,0,0,0
2015-11-22,0,35,0,8,8,0,0,8420,0,508,8900,0,0,0,0,0,0,0
2015-11-23,0,33,0,8,8,0,0,8444,0,508,8900,0,0,0,0,0,0,0
2015-11-24,0,35,0,8,8,0,0,8468,0,510,8900,0,0,0,0,0,0,0
2015-11-25,0,32,0,8,8,0,0,8491,0,513,8900,0,0,0,0,0,0,0
2015-11-26,0,32,0,8,8,0,0,8516,0,516,8900,0,0,0,0,0,0,0
2015-11-27,0,32,0,8,8,0,0,8540,0,518,8900,0,0,0,0,0,0,0
2015-11-28,0,32,0,8,8,0,0,8563,0,519,8900,0,0,0,0,0,0,0
2015-11-29,0,32,0,8,8,0,0,8588,0,519,8900,0,0,0,0,0,0,0
2015-11-30,0,32,0,8,8,0,0,8612,0,519,8900,0,0,0,0,0,0,0
2015-12-01,0,31,0,8,8,0,0,8635,0,521,8900,0,0,0,0,0,0,0
2015-12-02,0,31,0,8,8,0,0,8659,0,524,8900,0,0,0,0,0,0,0
2015-12-03,0,33,0,8,8,0,0,8684,0,526,8900,0,0,0,0,0,0,0
2015-12-04,0,31,0,8,8,0,0,8707,0,529,8900,0,0,0,0,0,0,0
2015-12-05,0,31,0,8,8,0,0,8732,0,532,8900,0,0,0,0,0,0,0
2015-12-06,0,31,0,8,8,0,0,8756,0,535,8900,0,0,0,0,0,0,0
2015-12-07,0,31,0,8,8,0,0,8779,0,535,8900,0,0,0,0,0,0,0
2015-12-08,0,33,0,8,8,0,0,8803,0,535,8900,0,0,0,0,0,0,0
2015-12-09,0,34,0,8,8,0,0,8828,0,535,8900,0,0,0,0,0,0,0
2015-12-10,0,36,0,8,8,0,0,8851,0,538,8900,0,0,0,0,0,0,0
2015-12-11,0,33,0,8,8,0,0,8875,0,541,8900,0,0,0,0,0,0,0
2015-12-12,0,32,0,8,8,0,0,8900,0,543,8900,0,0,0,0,0,0,0
2015-12-13,0,32,0,8,8,0,0,8923,0,546,8900,0,0,0,0,0,0,0
2015-12-14,0,31,0,8,8,0,0,8947,0,546,8900,0,0,0,0,0,0,0
2015-12-15,0,31,0,8,8,0,0,8972,0,547,8900,0,0,0,0,0,0,0
2015-12-16,0,32,0,8,8,0,0,8995,0,547,8900,0,0,0,0,0,0,0
2015-12-17,0,32,0,8,8,0,0,9019,0,547,8900,0,0,0,0,0,0,0
2015-12-18,0,32,0,8,8,0,0,9043,0,547,8900,0,0,0,0,0,0,0
2015-12-19,0,32,0,8,8,0,0,9067,0,547,8900,0,0,0,0,0,0,0
2015-12-20,0,32,0,8,8,0,0,9091,0,547,8900,0,0,0,0,0,0,0
2015-12-21,0,32,0,8,8,0,0,9115,0,547,8900,0,0,0,0,0,0,0
2015-12-22,0,31,0,8,8,0,0,9139,0,547,8900,0,0,0,0,0,0,0
2015-12-23,0,31,0,8,8,0,0,9163,0,548,8900,0,0,0,0,0,0,0
2015-12-24,0,33,0,8,8,0,0,9187,0,548,8900,0,0,0,0,0,0,0
2015-12-25,0,33,0,8,8,0,0,9211,0,548,8900,0,0,0,0,0,0,0
2015-12-26,0,33,0,8,8,0,0,9235,0,548,8900,0,0,0,0,0,0,0
2015-12-27,0,33,0,8,8,0,0,9259,0,548,8900,0,0,0,0,0,0,0
2015-12-28,0,33,0,8,8,0,0,9283,0,548,8900,0,0,0,0,0,0,0
2015-12-29,0,33,0,8,8,0,0,9307,0,548,8900,0,0,0,0,0,0,0
2015-12-30,0,33,0,8,8,0,0,9331,0,549,8900,0,0,0,0,0,0,0
2015-12-31,0,33,0,8,8,0,0,9355,0,549,8900,0,0,0,0,0,0,0
2016-01-01,0,33,0,8,8,0,0,9379,0,549,8900,0,0,0,0,0,0,0
2016-01-02,0,33,0,8,8,0,0,9403,0,549,8900,0,0,0,0,0,0,0
2016-01-03,0,33,0,8,8,0,0,9427,0,549,8900,0,0,0,0,0,0,0
2016-01-04,0,34,0,8,8,0,0,9451,0,549,8900,0,0,0,0,0,0,0
2016-01-05,0,35,0,8,8,0,0,9475,0,551,8900,0,0,0,0,0,0,0
2016-01-06,0,34,0,8,8,0,0,9499,0,554,8900,0,0,0,0,0,0,0
2016-01-07,0,33,0,8,8,0,0,9523,0,554,8900,0,0,0,0,0,0,0
2016-01-08,0,32,0,8,8,0,0,9547,0,555,8900,0,0,0,0,0,0,0
2016-01-09,0,33,0,8,8,0,0,9571,0,555,8900,0,0,0,0,0,0,0
2016-01-10,0,34,0,8,8,0,0,9594,0,555,8900,0,0,0,0,0,0,0
2016-01-11,0,33,0,8,8,0,0,9619,0,555,8900,0,0,0,0,0,0,0
2016-01-12,0,33,0,8,8,0,0,9643,0,555,8900,0,0,0,0,0,0,0
2016-01-13,0,35,0,8,8,0,0,9666,0,557,8900,0,0,0,0,0,0,0
2016-01-14,0,34,0,8,8,0,0,9690,0,560,8900,0,0,0,0,0,0,0
2016-01-15,0,33,0,8,8,0,0,9715,0,561,8900,0,0,0,0,0,0,0
2016-01-16,0,34,0,8,8,0,0,9738,0,562,8900,0,0,0,0,0,0,0
2016-01-17,0,34,0,8,8,0,0,9762,0,563,8900,0,0,0,0,0,0,0
2016-01-18,0,34,0,8,8,0,0,9787,0,564,8900,0,0,0,0,0,0,0
2016-01-19,0,33,0,8,8,0,0,9810,0,565,8900,0,0,0,0,0,0,0
2016-01-20,0,34,0,8,8,0,0,9834,0,566,8900,0,0,0,0,0,0,0
2016-01-21,0,34,0,8,8,0,0,9859,0,567,8900,0,0,0,0,0,0,0
2016-01-22,0,34,0,8,8,0,0,9882,0,568,8900,0,0,0,0,0,0,0
2016-01-23,0,34,0,8,8,0,0,9906,0,569,8900,0,0,0,0,0,0,0
2016-01-24,0,35,0,8,8,0,0,9931,0,570,8900,0,0,0,0,0,0,0
2016-01-25,0,35,0,8,8,0,0,9954,0,571,8900,0,0,0,0,0,0,0
2016-01-26,0,33,0,8,8,0,0,9978,0,573,8900,0,0,0,0,0,0,0
2016-01-27,0,33,0,8,8,0,0,10003,0,574,8900,0,0,0,0,0,0,0
2016-01-28,0,33,0,8,8,0,0,10026,0,575,8900,0,0,0,0,0,0,0
2016-01-29,0,34,0,8,8,0,0,10050,0,576,8900,0,0,0,0,0,0,0
2016-01-30,0,34,0,8,8,0,0,10074,0,577,8900,0,0,0,0,0,0,0
2016-01-31,0,35,0,8,8,0,0,10098,0,578,8900,0,0,0,0,0,0,0
2016-02-01,0,35,0,8,8,0,0,10122,0,579,8900,0,0,0,0,0,0,0
2016-02-02,0,35,0,8,8,0,0,10146,0,580,8900,0,0,0,0,0,0,0
2016-02-03,0,34,0,8,8,0,0,10170,0,581,8900,0,0,0,0,0,0,0
2016-02-04,0,35,0,8,8,0,0,10194,0,582,8900,0,0,0,0,0,0,0
2016-02-05,0,34,0,8,8,0,0,10218,0,583,8900,0,0,0,0,0,0,0
2016-02-06,0,35,0,8,8,0,0,10242,0,584,8900,0,0,0,0,0,0,0
2016-02-07,0,36,0,8,8,0,0,10266,0,585,8900,0,0,0,0,0,0,0
2016-02-08,0,36,0,8,8,0,0,10290,0,585,8900,0,0,0,0,0,0,0
2016-02-09,0,36,0,8,8,0,0,10314,0,587,8900,0,0,0,0,0,0,0
2016-02-10,0,34,0,8,8,0,0,10338,0,590,8900,0,0,0,0,0,0,0
2016-02-11,0,38,0,8,8,0,0,10362,0,592,8900,0,0,0,0,0,0,0
2016-02-12,0,35,0,8,8,0,0,10386,0,595,8900,0,0,0,0,0,0,0
2016-02-13,0,37,0,8,8,0,0,10410,0,596,8900,0,0,0,0,0,0,0
2016-02-14,0,36,0,8,8,0,0,10434,0,596,8900,0,0,0,0,0,0,0
2016-02-15,0,35,0,8,8,0,0,10458,0,596,8900,0,0,0,0,0,0,0
2016-02-16,0,37,0,8,8,0,0,10481,0,596,8900,0,0,0,0,0,0,0
2016-02-17,0,37,0,8,8,0,0,10506,0,596,8900,0,0,0,0,0,0,0
2016-02-18,0,38,0,8,8,0,0,10530,0,597,8900,0,0,0,0,0,0,0
2016-02-19,0,38,0,8,8,0,0,10553,0,597,8900,0,0,0,0,0,0,0
2016-02-20,0,38,0,8,8,0,0,10578,0,597,8900,0,0,0,0,0,0,0
2016-02-21,0,36,0,8,8,0,0,10602,0,597,8900,0,0,0,0,0,0,0
2016-02-22,0,37,0,8,8,0,0,10625,0,597,8900,0,0,0,0,0,0,0
2016-02-23,0,38,0,8,8,0,0,10650,0,597,8900,0,0,0,0,0,0,0
2016-02-24,0,38,0,8,8,0,0,10674,0,597,8900,0,0,0,0,0,0,0
2016-02-25,0,36,0,8,8,0,0,10697,0,597,8900,0,0,0,0,0,0,0
2016-02-26,0,36,0,8,8,0,0,10721,0,598,8900,0,0,0,0,0,0,0
2016-02-27,0,36,0,8,8,0,0,10746,0,598,8900,0,0,0,0,0,0,0
2016-02-28,0,37,0,8,8,0,0,10769,0,598,8900,0,0,0,0,0,0,0
2016-02-29,0,36,0,8,8,0,0,10793,0,598,8900,0,0,0,0,0,0,0
2016-03-01,0,36,0,8,8,0,0,10817,0,598,8900,0,0,0,0,0,0,0
2016-03-02,0,36,0,8,8,0,0,10841,0,598,8900,0,0,0,0,0,0,0
2016-03-03,0,36,0,8,8,0,0,10865,0,598,8900,0,0,0,0,0,0,0
2016-03-04,0,36,0,8,8,0,0,10889,0,599,8900,0,0,0,0,0,0,0
2016-03-05,0,36,0,8,8,0,0,10913,0,599,8900,0,0,0,0,0,0,0
2016-03-06,0,36,0,8,8,0,0,10937,0,599,8900,0,0,0,0,0,0,0
2016-03-07,0,38,0,8,8,0,0,10961,0,599,8900,0,0,0,0,0,0,0
2016-03-08,0,38,0,8,8,0,0,10985,0,600,8900,0,0,0,0,0,0,0
2016-03-09,0,38,0,8,8,0,0,11009,0,603,8900,0,0,0,0,0,0,0
2016-03-10,0,36,0,8,8,0,0,11033,0,604,8900,0,0,0,0,0,0,0
2016-03-11,0,38,0,8,8,0,0,11057,0,604,8900,0,0,0,0,0,0,0
2016-03-12,0,38,0,8,8,0,0,11081,0,604,8900,0,0,0,0,0,0,0
2016-03-13,0,37,0,8,8,0,0,11105,0,604,8900,0,0,0,0,0,0,0
2016-03-14,0,37,0,8,8,0,0,11129,0,605,8900,0,0,0,0,0,0,0
2016-03-15,0,37,0,8,8,0,0,11152,0,605,8900,0,0,0,0,0,0,0
2016-03-16,0,37,0,8,8,0,0,11176,0,605,8900,0,0,0,0,0,0,0
2016-03-17,0,37,0,8,8,0,0,11200,0,606,8900,0,0,0,0,0,0,0
2016-03-18,0,37,0,8,8,0,0,11224,0,609,8900,0,0,0,0,0,0,0
2016-03-19,0,37,0,8,8,0,0,11248,0,610,8900,0,0,0,0,0,0,0
2016-03-20,0,36,0,8,8,0,0,11272,0,610,8900,0,0,0,0,0,0,0
2016-03-21,0,36,0,8,8,0,0,11296,0,611,8900,0,0,0,0,0,0,0
2016-03-22,0,37,0,8,8,0,0,11319,0,611,8900,0,0,0,0,0,0,0
2016-03-23,0,36,0,8,8,0,0,11344,0,611,8900,0,0,0,0,0,0,0
2016-03-24,0,37,0,8,8,0,0,11367,0,611,8900,0,0,0,0,0,0,0
2016-03-25,0,37,0,8,8,0,0,11392,0,611,8900,0,0,0,0,0,0,0
2016-03-26,0,37,0,8,8,0,0,11416,0,611,8900,0,0,0,0,0,0,0
2016-03-27,0,37,0,8,8,0,0,11439,0,611,8900,0,0,0,0,0,0,0
2016-03-28,0,37,0,8,8,0,0,11464,0,611,8900,0,0,0,0,0,0,0
2016-03-29,0,36,0,8,8,0,0,11488,0,612,8900,0,0,0,0,0,0,0
2016-03-30,0,37,0,8,8,0,0,11511,0,612,8900,0,0,0,0,0,0,0
2016-03-31,0,37,0,8,8,0,0,11535,0,612,8900,0,0,0,0,0,0,0
2016-04-01,0,37,0,8,8,0,0,11560,0,612,8900,0,0,0,0,0,0,0
2016-04-02,0,37,0,8,8,0,0,11583,0,612,8900,0,0,0,0,0,0,0
2016-04-03,0,37,0,8,8,0,0,11607,0,612,8900,0,0,0,0,0,0,0
2016-04-04,0,37,0,8,8,0,0,11631,0,612,8900,0,0,0,0,0,0,0
2016-04-05,0,37,0,8,8,0,0,11655,0,613,8900,0,0,0,0,0,0,0
2016-04-06,0,36,0,8,8,0,0,11679,0,613,8900,0,0,0,0,0,0,0
2016-04-07,0,35,0,8,8,0,0,11703,0,613,8900,0,0,0,0,0,0,0
2016-04-08,0,38,0,8,8,0,0,11727,0,613,8900,0,0,0,0,0,0,0
2016-04-09,0,38,0,8,8,0,0,11751,0,613,8900,0,0,0,0,0,0,0
2016-04-10,0,39,0,8,8,0,0,11776,0,613,8900,0,0,0,0,0,0,0
2016-04-11,0,39,0,8,8,0,0,11799,0,613,8900,0,0,0,0,0,0,0
2016-04-12,0,39,0,8,8,0,0,11823,0,613,8900,0,0,0,0,0,0,0
2016-04-13,0,37,0,8,8,0,0,11847,0,614,8900,0,0,0,0,0,0,0
2016-04-14,0,37,0,8,8,0,0,11871,0,614,8900,0,0,0,0,0,0,0
2016-04-15,0,37,0,8,8,0,0,11895,0,614,8900,0,0,0,0,0,0,0
2016-04-16,0,36,0,8,8,0,0,11919,0,614,8900,0,0,0,0,0,0,0
2016-04-17,0,36,0,8,8,0,0,11943,0,614,8900,0,0,0,0,0,0,0
2016-04-18,0,36,0,8,8,0,0,11967,0,614,8900,0,0,0,0,0,0,0
2016-04-19,0,35,0,8,8,0,0,11991,0,614,8900,0,0,0,0,0,0,0
2016-04-20,0,35,0,8,8,0,0,12015,0,614,8900,0,0,0,0,0,0,0
2016-04-21,0,35,0,8,8,0,0,12039,0,615,8900,0,0,0,0,0,0,0
2016-04-22,0,38,0,8,8,0,0,12063,0,615,8900,0,0,0,0,0,0,0
2016-04-23,0,37,0,8,8,0,0,12087,0,616,8900,0,0,0,0,0,0,0
2016-04-24,0,38,0,8,8,0,0,12111,0,617,8900,0,0,0,0,0,0,0
2016-04-25,0,38,0,8,8,0,0,12135,0,618,8900,0,0,0,0,0,0,0
2016-04-26,0,38,0,8,8,0,0,12159,0,619,8900,0,0,0,0,0,0,0
2016-04-27,0,38,0,8,8,0,0,12183,0,620,8900,0,0,0,0,0,0,0
2016-04-28,0,38,0,8,8,0,0,12207,0,621,8900,0,0,0,0,0,0,0
2016-04-29,0,37,0,8,8,0,0,12231,0,623,8900,0,0,0,0,0,0,0
2016-04-30,0,37,0,8,8,0,0,12254,0,624,8900,0,0,0,0,0,0,0
2016-05-01,0,35,0,8,8,0,0,12279,0,625,8900,0,0,0,0,0,0,0
2016-05-02,0,35,0,8,8,0,0,12303,0,626,8900,0,0,0,0,0,0,0
2016-05-03,0,35,0,8,8,0,0,12326,0,627,8900,0,0,0,0,0,0,0
2016-05-04,0,36,0,8,8,0,0,12351,0,628,8900,0,0,0,0,0,0,0
2016-05-05,0,37,0,8,8,0,0,12375,0,629,8900,0,0,0,0,0,0,0
2016-05-06,0,37,0,8,8,0,0,12398,0,630,8900,0,0,0,0,0,0,0
2016-05-07,0,38,0,8,8,0,0,12423,0,631,8900,0,0,0,0,0,0,0
2016-05-08,0,37,0,8,8,0,0,12447,0,632,8900,0,0,0,0,0,0,0
2016-05-09,0,38,0,8,8,0,0,12470,0,633,8900,0,0,0,0,0,0,0
2016-05-10,0,38,0,8,8,0,0,12495,0,634,8900,0,0,0,0,0,0,0
2016-05-11,0,36,0,8,8,0,0,12519,0,635,8900,0,0,0,0,0,0,0
2016-05-12,0,36,0,8,8,0,0,12542,0,636,8900,0,0,0,0,0,0,0
2016-05-13,0,36,0,8,8,0,0,12566,0,637,8900,0,0,0,0,0,0,0
2016-05-14,0,38,0,8,8,0,0,12590,0,638,8900,0,0,0,0,0,0,0
2016-05-15,0,38,0,8,8,0,0,12614,0,639,8900,0,0,0,0,0,0,0
2016-05-16,0,37,0,8,8,0,0,12638,0,640,8900,0,0,0,0,0,0,0
2016-05-17,0,36,0,8,8,0,0,12663,0,641,8900,0,0,0,0,0,0,0
2016-05-18,0,36,0,8,8,0,0,12686,0,642,8900,0,0,0,0,0,0,0
2016-05-19,0,37,0,8,8,0,0,12710,0,643,8900,0,0,0,0,0,0,0
2016-05-20,0,37,0,8,8,0,0,12735,0,644,8900,0,0,0,0,0,0,0
2016-05-21,0,38,0,8,8,0,0,12758,0,645,8900,0,0,0,0,0,0,0
2016-05-22,0,38,0,8,8,0,0,12782,0,646,8900,0,0,0,0,0,0,0
2016-05-23,0,38,0,8,8,0,0,12806,0,647,8900,0,0,0,0,0,0,0
2016-05-24,0,38,0,8,8,0,0,12830,0,648,8900,0,0,0,0,0,0,0
2016-05-25,0,38,0,8,8,0,0,12854,0,649,8900,0,0,0,0,0,0,0
2016-05-26,0,37,0,8,8,0,0,12878,0,650,8900,0,0,0,0,0,0,0
2016-05-27,0,36,0,8,8,0,0,12902,0,651,8900,0,0,0,0,0,0,0
2016-05-28,0,36,0,8,8,0,0,12926,0,652,8900,0,0,0,0,0,0,0
2016-05-29,0,36,0,8,8,0,0,12950,0,653,8900,0,0,0,0,0,0,0
2016-05-30,0,36,0,8,8,0,0,12974,0,654,8900,0,0,0,0,0,0,0
2016-05-31,0,36,0,8,8,0,0,12998,0,655,8900,0,0,0,0,0,0,0
2016-06-01,0,36,0,8,8,0,0,13022,0,656,8900,0,0,0,0,0,0,0
2016-06-02,0,36,0,8,8,0,0,13046,0,657,8900,0,0,0,0,0,0,0
2016-06-03,0,36,0,8,8,0,0,13070,0,658,8900,0,0,0,0,0,0,0
2016-06-04,0,35,0,8,8,0,0,13094,0,659,8900,0,0,0,0,0,0,0
2016-06-05,0,36,0,8,8,0,0,13118,0,660,8900,0,0,0,0,0,0,0
2016-06-06,0,36,0,8,8,0,0,13142,0,661,8900,0,0,0,0,0,0,0
2016-06-07,0,36,0,8,8,0,0,13166,0,662,8900,0,0,0,0,0,0,0
2016-06-08,0,36,0,8,8,0,0,13190,0,663,8900,0,0,0,0,0,0,0
2016-06-09,0,36,0,8,8,0,0,13213,0,664,8900,0,0,0,0,0,0,0
2016-06-10,0,35,0,8,8,0,0,13238,0,665,8900,0,0,0,0,0,0,0
2016-06-11,0,35,0,8,8,0,0,13262,0,666,8900,0,0,0,0,0,0,0
2016-06-12,0,35,0,8,8,0,0,13285,0,667,8900,0,0,0,0,0,0,0
2016-06-13,0,35,0,8,8,0,0,13310,0,669,8900,0,0,0,0,0,0,0
2016-06-14,0,35,0,8,8,0,0,13334,0,669,8900,0,0,0,0,0,0,0
2016-06-15,0,35,0,8,8,0,0,13358,0,671,8900,0,0,0,0,0,0,0
2016-06-16,0,36,0,8,8,0,0,13382,0,671,8900,0,0,0,0,0,0,0
2016-06-17,0,37,0,8,8,0,0,13406,0,672,8900,0,0,0,0,0,0,0
2016-06-18,0,37,0,8,8,0,0,13429,0,673,8900,0,0,0,0,0,0,0
2016-06-19,0,37,0,8,8,0,0,13454,0,674,8900,0,0,0,0,0,0,0
2016-06-20,0,36,0,8,8,0,0,13478,0,675,8900,0,0,0,0,0,0,0
2016-06-21,0,36,0,8,8,0,0,13501,0,676,8900,0,0,0,0,0,0,0
2016-06-22,0,36,0,8,8,0,0,13526,0,677,8900,0,0,0,0,0,0,0
2016-06-23,0,36,0,8,8,0,0,13550,0,678,8900,0,0,0,0,0,0,0
2016-06-24,0,35,0,8,8,0,0,13573,0,679,8900,0,0,0,0,0,0,0
2016-06-25,0,36,0,8,8,0,0,13598,0,680,8900,0,0,0,0,0,0,0
2016-06-26,0,36,0,8,8,0,0,13622,0,681,8900,0,0,0,0,0,0,0
2016-06-27,0,36,0,8,8,0,0,13645,0,681,8900,0,0,0,0,0,0,0
2016-06-28,0,36,0,8,8,0,0,13669,0,682,8900,0,0,0,0,0,0,0
2016-06-29,0,36,0,8,8,0,0,13694,0,683,8900,0,0,0,0,0,0,0
2016-06-30,0,35,0,8,8,0,0,13717,0,684,8900,0,0,0,0,0,0,0
